ts,pool,mint,name,src,liquidity,mcap,age_hours,vol_1h,vol_24h,chg_1h,chg_24h,buyers_1h,sellers_1h,turnover,tier,max_position
2026-08-31T22:16:35+00:00,B9Zs1QQM8J6CNSEkmp432yFFUseyGybVE1iWuv9KEPPc,7onXpNgFe6axA9ssuJTt6KYbo7hgTbCZGVoiUWDEpump,CHAD / SOL,new,4019,5707,0.0,14442,14442,85.049,85.049,81,63,2.5308,D,80
2026-08-31T22:16:35+00:00,AWyPvRgADUCAna57SKaCpJhsxisWvvpahTfanDXttWZY,2eV7WXL7DMooHETcWFHKqiT2g4GD4mttt1okPr3u3npN,CHAD / SOL,new,17499,9243,0.0,43377,43377,11.382,11.382,412,63,4.6929,D,250
2026-08-31T22:16:35+00:00,8kj1WRNMkydnnPm8GGbcZWM6XurQZbZU3nPmT2xsqfLR,8B3FT4STwZQoVUBLXnqxqhpmfsuNRadG9qmfPbedMDr3,孙宇晨 / SOL,new,20733,4169674,0.0,12323,12323,40488.179,40488.179,101,17,0.003,C,250
2026-08-31T22:16:35+00:00,FipYChL81bsZTCTQCeKerExztzSmRhfqZ71dCD49DywB,NAvzT6BUdVb7Tv4BHiDXmrKftB4zyfjmP45G3KTpump,Zelion / SOL,new,2441,3083,0.0,15238,15238,-29.74,-29.74,146,139,4.9428,D,49
2026-09-01T00:38:34+00:00,0xef30ec201ae90693639ea7deb6b88f5188cb815f0ca60f8bb39ce93ae749b54a,0xaf961bf7f163cf9462d8d3ff228ee3e551b53044,Cow / WETH 0.01%,new,71439,117165,0.0,55646,55646,552.082,552.082,72,20,0.4749,B,250
2026-09-01T05:43:20+00:00,0xd48b38cb5ad489765df87e5e7cd91a510625dde4,0xab54c86d3995a9d1dae56fb7cfa4d9dce4c3ffff,RESULT / WBNB,new,34834,124734,0.0,15527,15527,103.144,103.144,43,23,0.1245,C,250
2026-09-01T05:43:20+00:00,0xd8a4863a73b128f6f018a4edb2bd43f450379d98,0x0d56d578ba71a4d0c64bb61bb8bfeb51dc57ffff,RESULT / WBNB,new,32904,106207,0.0,44010,44010,69.218,69.218,222,144,0.4144,C,250
2026-09-01T15:12:50+00:00,0x251c69fe17db5a1b7f617bac3e93fe64b2745ce946fdf36584ff21407cbf810d,0xb2000000000000000000002118afd6482812b301,DiamondPepe / ETH,new,14115,49886,0.0,25813,25813,850.74,850.74,68,17,0.5174,D,250
2026-09-01T15:12:50+00:00,0x7a42561b0767ec5d038c0349a9fa693b05116de0e6b56392afaaccd41bc57609,0xb200000000000000000000abe68f25eb68ddf101,DPEPE69 / NVDAc,new,12499,15870,0.0,8456,8456,91.692,91.692,32,11,0.5328,D,250
2026-09-01T18:37:23+00:00,0xb2a1cfce5aa828c0971a98a49d8c07717dbb3209,0x4732b1c8e6b4fb0e8d865cbcf60e63b29bd17777,MARSBASE / WBNB,new,37162,119380,0.0,19857,19857,96.67,96.67,41,28,0.1663,C,250
2026-09-01T18:37:23+00:00,0x7350013d02ad1315c434619035f215103eabbc2c,0xa2aca51538d0029f0962d7d5c9154cb6b5b7351f,BNBF / WBNB,new,100639,662679,0.0,37919,37919,401.992,401.992,16,9,0.0572,A,250
2026-09-01T21:23:54+00:00,5BceiaMrqZafkm3rSxbWyXo4hz7cGpZr5oa7uJApnsq5,DEqFDVjLgBi8y52P7aRqSrjwK4d8W8gEqYAo33GCpump,JIMOTHY / SOL,new,5534,10027,0.0,17743,17743,200.437,200.437,119,45,1.7695,D,111
2026-09-01T23:30:18+00:00,0x036c3775f363e58c97e2f046a999c69aad8307f7b8e19b4bf6b3e85f2afb01be,0xb200000000000000000000e78727088e4201f83a,WASSETS / ETH 0.05%,new,21415,111911,0.0,56663,56663,3552.013,3552.013,63,22,0.5063,C,250
2026-09-02T01:26:20+00:00,0xcd363b213a22c37f498cfed0e4413de265a2246f,0x483dfa0d848b2b7b0a77733b807e70f30d957777,CARE / WBNB,new,15829,71508,0.0,13870,13870,227.41,227.41,74,39,0.194,D,250
2026-09-02T01:26:20+00:00,0x412cf8ec7e27aea110b21a75d990946b5d9afce3,0x605ffaf35f42cf718a52c776df7014cfa1b4ffff,CARE / WBNB,new,41980,176274,0.0,35638,35638,187.486,187.486,68,37,0.2022,C,250
2026-09-02T01:26:20+00:00,0x7293e5e5067214e39671c0f77a7d13b73edca4aa,0xbc63f5152996dbf144c5b1661324cf091171a4d5,金牛座链 / WBNB,new,97102,462556,0.0,75123,75123,303.004,303.004,25,20,0.1624,B,250
2026-09-02T01:26:20+00:00,0xd11b126454a27faeb0bb5e5bee2d2209c5ef7157,0xbbd29323616fa66403cd392e32825d8d8796eb07,APPLE / WBNB,new,12064,13724,0.0,16489,16489,356.354,356.354,40,22,1.2015,D,241
2026-09-02T11:38:35+00:00,0x4b96c21f3d352dd9bb7b2077f9bfd1e53f51cd4d1bf5da64f929550427efa158,0x57e35ac0f87b3b9b4568b77706d9239073012b07,$1 / ETH 1%,new,13078,11939,0.0,15656,15656,225.785,225.785,40,31,1.3113,D,250
2026-09-02T15:20:04+00:00,0x54efe08cf29a38f28afaed8fa6e186750440bc99,0xb32f87c132228da09ae21cc0e37c4ef9c4e68b07,$1 / WBNB,new,12635,15026,0.0,17642,17642,399.402,399.402,34,21,1.1741,D,250
2026-09-02T15:20:04+00:00,0xb92983ea5b484eb31999f3df3839c388bc541dc5,0x9effdd6926aa46c88bb7971417b558a63df77777,WOJAK / WBNB,new,42370,184270,0.0,35682,35682,200.424,200.424,72,43,0.1936,C,250
2026-09-02T15:20:04+00:00,0x6017557e7b6fe5a359e6beb13e183bb656aa737d,0xff0ddcef19a44b918f464fd9b236d16ea8906843,PHO / WBNB,new,94298,348839,0.0,313843,313843,120.819,120.819,44,42,0.8997,B,250
2026-09-02T21:41:58+00:00,0x529f23f5b451d06930fa6de31738138aacda0844fb4bb3c774d500b8e980cc35,0xb200000000000000000000ef98b4ae093a9b8901,COIN / ETH,new,27350,60456,0.0,112890,112890,1425.49,1425.49,211,148,1.8673,C,250
2026-09-02T23:35:31+00:00,0x327732c109971c4546fd205a809a7d1ad3a8cee0,0x15b4911a85e0c759f0fd132ef1e6095dfc6b5b07,BLOKKS / WBNB,new,9691,9297,0.0,8531,8531,212.631,212.631,20,10,0.9176,D,194
2026-09-03T06:27:50+00:00,0x36dfe328d90acce7aeaa02276e121e1e175358c646f5934326d4289bffa96d1c,0xb20000000000000000000046d5232055db9e16dc,FMAX / ETH 0.3%,new,24680,45898,0.0,48797,48797,729.549,729.549,88,20,1.0632,C,250
2026-09-03T06:27:50+00:00,0x95d5d1420fc59fac23d7cb39aec8d780f96a165b3443f1524dc3e0e536791b55,0xb200000000000000000000a7b3c50550903af7cc,TARD / ETH 0.3%,new,30337,69404,0.0,55235,55235,771.099,771.099,95,28,0.7958,C,250
2026-09-03T06:27:50+00:00,0x854a4be4cbb2eedb69db7f55b9fc62097e0c32c79a92ad70a1867ec1da305d75,0x900d16d8768ac26d6df179621a9d33c4e5da0ba1,Burn / WETH 0.01%,new,49852,100697,0.0,54267,54267,817.523,817.523,118,44,0.5389,C,250
2026-09-03T11:39:15+00:00,0xf0da8e9078ad70f9b861b7c022be7a34d5544444,0xf0da8e9078ad70f9b861b7c022be7a34d5544444,牛来人生 / USDT,new,10987,32870,0.0,8022,8022,117.978,117.978,185,2,0.2441,D,220
2026-09-03T11:39:15+00:00,0xf9b081a2be2e79bff740163ff9c374b8debb7eac,0x323fa7947d80793bc166fcde63a71b5e2e6affff,uuuu / U,new,10549,1545992,0.0,10347,10347,9.89,9.89,24,22,0.0067,D,211
2026-09-03T11:39:15+00:00,0x8f13f512d5a967a83abed53dce51b5328b6f1e84,0x0cc73b159bc1a8706fba09f0e9bfc99c10e51e18,ZOE / WBNB,new,20710,106058,0.0,47137,47137,369.448,369.448,45,33,0.4444,C,250
2026-09-03T11:39:15+00:00,0x612b651ed965a6d90f8bcd2bc9ad857f1f1cc7c8,0x75609c5e6bbcb9e2f5db17466cdb224367e97777,扑扑 / WBNB,new,40505,165990,0.0,36069,36069,160.517,160.517,72,45,0.2173,C,250
2026-09-03T15:13:46+00:00,G3EDK4uww1XxNwZXR1qVJMZ1ZqhEs4HcESi2VBg7znxe,EJbZEwRvAc73nLomK7d21J2A7gSWkkipv3G1DXebpump,BUBBLE / SOL,new,2329,2922,0.0,10311,10311,-4.178,-4.178,73,73,3.5282,D,47
2026-09-03T18:45:08+00:00,0x7308f8ca79c51f91a1f5f12b43a7365aae1ad9ad04261740aa9e209f58a651d4,0xb200000000000000000000338c31d7631f0375f0,AP / ETH 0.3%,new,19525,22246,0.0,10697,10697,119.019,119.019,34,19,0.4809,D,250
2026-09-03T18:45:08+00:00,0xc46ca59a6c4a02703625d481adc801f7cae7212c28548c536d084abf245b179e,0xb200000000000000000000552ad465a1355bb214,MB / ETH 0.3%,new,26245,32636,0.0,19748,19748,213.962,213.962,49,34,0.6051,C,250
2026-09-03T21:25:31+00:00,0xa9792c989ab19ba17492d000ac31cd2d383add37,0x6116b0b1dcd2a429f4096410495b21e3d1638888,钓鱼猫 / WBNB,new,39181,158469,0.0,27568,27568,142.39,142.39,60,35,0.174,C,250
2026-09-04T01:19:00+00:00,0xaec2628820437d6591450eecd5eb9dca4d2bb1e3721d38cced249e610ce54ac9,0xd2dcffd01cd4c2133499c98bfe41b2011b47cadd,RTD / WETH 0.01%,new,108342,220322,0.0,197313,197313,1143.913,1143.913,312,130,0.8956,A,250
2026-09-04T01:19:00+00:00,0x68fe20569d4d2462f92c0bfce39afb938ffc7e73ba0051f3394231baf303fa7c,0xb200000000000000000000922504fa204992fd01,RTD / ETH,new,23602,60603,0.0,145079,145079,1319.079,1319.079,232,181,2.3939,C,250
2026-09-04T06:27:41+00:00,0x983a1c64d04cd09211f75276185b19bf530f8e2a,0x0616f233099cc1e79c171310fe019ab1ba8c9b07,MEME / WBNB,new,13565,15755,0.0,14417,14417,398.594,398.594,33,15,0.915,D,250
2026-09-04T06:27:41+00:00,0x566f47e12632d4880257bd00f20e4bca64ee1606,0xac14336996904df8e5f512f009b0214da9897777,BIAO / WBNB,new,43198,183266,0.0,32612,32612,181.103,181.103,60,39,0.1779,C,250
2026-09-04T06:27:41+00:00,0x3dd6199c000e16f63804be89a91b81e8c2ef9918,0x64aea1de566de0388ef671426f79f8abd2ef1e18,MEME / WBNB,new,19981,20312,0.0,44983,44983,243.052,243.052,48,37,2.2146,D,250
2026-09-04T11:40:38+00:00,AYfkZZV4CNBtmaFEFYaHKpQ5K7U75aa1Ji873XmBSBSv,7V4RtCW7bEcMHNZ4pTVdjNsS1Ry8Tspr216Y4MUVnJxE,memetics / SOL,new,23292,15552,0.0,168498,168498,59.858,59.858,660,108,10.8343,C,250
2026-09-04T11:40:38+00:00,AWPF55HRWcq4pZWYwxHEv2MWpwT3E6unxHp1zH5dsqGN,4jW4cvQjPDMvwkPuhyQqxp98TLDYYwZRi7vrgrKfLNPa,underdog / SOL,new,25591,22927,0.0,101449,101449,151.913,151.913,652,114,4.4249,C,250
2026-09-04T15:09:03+00:00,0xb387b732d7c9ea68bf4fc4f46dc4f0d69a06dd31756cb4f36ddb99a8665bf663,0x13effa2c7ee71aca0d7c14887513915e0dbdb222,GENIE / wtCOIN 0.3%,new,3104,3117,0.0,9035,9035,-21.689,-21.689,35,36,2.8987,D,62
2026-09-04T18:27:16+00:00,0x2d8be981d74bbe602b0c6c1ee8452a18d1990303,0x5e0195e1af908032038532de1c8b2a13adf0cc54,CLA / WBNB,new,83335,62151,0.0,77564,77564,88.387,88.387,26,22,1.248,B,250
2026-09-04T18:27:16+00:00,0x88c7c70f7c2a7ddf7ce30d5a1cf20d6b45be7785,0x1d58bf1fd05483f8763735ebe83cbe35fe947860,CAS🤑 / WBNB,new,59569,278936,0.0,52719,52719,240.142,240.142,29,24,0.189,B,250
2026-09-04T22:59:46+00:00,0x417e4ce8bc801ee76790a7a0b3a5ea614048cb1c78a72d870030098aabcc4339,0x100431d61aa1e7df53141fb7dffd3c76d8001a95,SLINK / WETH 0.01%,new,88861,126957,0.0,154375,154375,408.769,408.769,168,100,1.216,B,250
2026-09-05T00:52:16+00:00,0xd56fc3a32e84d0ea408b860cc29c69aa4233615f,0x4c63786f177b05cd8bad76b6d52813677f4d7777,胖小猴 / WBNB,new,14970,61754,0.0,9771,9771,171.925,171.925,55,28,0.1582,D,250
2026-09-05T00:52:16+00:00,0x187ddda73a90b2e9e9bb650cdda287bf181760cd,0x38a3db4dd79a43bfc99a122d393f349d657fa603,SLINK / WBNB,new,22001,111348,0.0,42441,42441,386.808,386.808,47,33,0.3812,C,250
2026-09-05T00:52:16+00:00,0xe8c4678430d21ac44020add4978b6d2194bb4c7a,0xb2061e6bb6df1a71742befaa0bc9447120d22934,MOON🐼 / WBNB,new,28784,108491,0.0,15804,15804,122.685,122.685,17,12,0.1457,C,250
2026-09-05T00:52:16+00:00,0xfd29cd639423b423335fb9f19ee83005e62a171c,0xd0d9fa0c679dda76b81cbc73839ac9a3020bdb07,SLINK / WBNB,new,12490,14147,0.0,16642,16642,288.087,288.087,31,20,1.1764,D,250
2026-09-05T05:31:41+00:00,6KmnX7F7pkcCJwYwtP4FJGTKP58Hmv5tNTMLcAV9mS4N,CkkcErr3iYMo5PNDUrYGpRzcvwrWtX2Ad8QHD13hrfWh,COOPER / SOL,new,19984,11777,0.0,43586,43586,31.05,31.05,107,75,3.7009,D,250
2026-09-05T09:25:52+00:00,0xa659dc5f6443eb99457d6ad30601875248d6e8dce502809cea82aa3a5883e9ab,0xb200000000000000000000ce6f22ef3f2d533d11,TSC / ETH 0.3%,new,31357,53299,0.0,42538,42538,553.385,553.385,64,16,0.7981,C,250
2026-09-05T09:25:52+00:00,0xf64546bacb41b894571de583d8258b5831236060855a03b2072d689752d9d320,0x4824c3fcdbcac846ecdd7ff97de5fec901c008d9,MOONBASE / WETH 0.01%,new,51815,136897,0.0,82705,82705,2001.46,2001.46,137,49,0.6041,B,250
2026-09-05T09:25:52+00:00,0x707a43387af1e01be9b3292d19023c9166f2c9f32eb80f2498547f7c361ebcc6,0xb20000000000000000000006db4ae3676ce24bdd,BUDDY / ETH 0.3%,new,33186,74472,0.0,60313,60313,1217.293,1217.293,106,27,0.8099,C,250
2026-09-05T09:25:52+00:00,0x57335be3601d681c1251f2fecb672ccc22f3afc98491b2cba9c5b2631132749a,0xb2000000000000000000006494bee4dcbfa9ee4f,RobinhoodieLife / ETH 0.3%,new,32843,73090,0.0,58029,58029,1191.151,1191.151,102,29,0.7939,C,250
2026-09-05T15:58:58+00:00,9CYsAzQsX9ysWEvkK36HQdHMqKf8b7UxXi8DtYyapk2q,EGbUJKrN8kvuF1b8KezD79d2bZFobxuEE5zLZJEFpump,ALON / SOL,new,4589,7610,0.0,12307,12307,51.043,51.043,119,74,1.6173,D,92
2026-09-05T18:11:19+00:00,0x568b778c41e70a3688b6a52f3c7b9c17b8563e8e670d7c9ce64d6749c12d577b,0xdd0d07fbf3cc96cdc668277638edf93b44ef2b07,Basecat / ETH 1%,new,12454,10166,0.0,26590,26590,165.15,165.15,16,14,2.6157,D,249
2026-09-05T18:11:19+00:00,0x847991607bfc9cfd6a5d0a50fc4ef8c792207411eb7cbc0ad09fad78ae564443,0x926ec27700f6642bfe1dfef85257984c5a8f0ba3,NOVEL / WETH,new,28928,11587,0.0,23167,23167,-22.611,-22.611,33,33,1.9995,C,250
2026-09-05T18:11:19+00:00,0x566397a6d6afe512c314a8cf739a806188cd5292dc1981b748896bb81f254811,0x1e20d64df804f093e617e25159c38b5e8b37304f,BSOD / WETH 0.01%,new,55083,179725,0.0,744641,744641,3502.784,3502.784,249,188,4.1432,B,250
2026-09-05T23:58:17+00:00,0xe5845e86add11b4ff7c6e8b247e4790b36751062d6997a38a05f2a4d22895f2c,0xb4876ba1098fe6d052012afb73b89842d4278b07,Basecat / ETH 1%,new,14395,13736,0.0,28967,28967,257.993,257.993,20,18,2.1088,D,250
2026-09-05T23:58:17+00:00,0xe0be52494788b29af62bd274ba7f4daadfe5fdc4c009335a3bdf959e10e8dd90,0xb20000000000000000000015014072b1bc5ceddb,SpaceX and Tesla / ETH 0.3%,new,21693,24490,0.0,16725,16725,141.851,141.851,42,40,0.6829,C,250
2026-09-06T08:49:38+00:00,CVeAddQ7HjyethBsG8upLxodSp9fTzUnKRsa9pKz7k1n,DhXhRXVFSeksmm18iiMZj7cfhntB9jXwJMWnLg2VhPa6,Stonks / SOL,new,119184,67116,0.0,106508,106508,24.365,24.365,60,30,1.5869,A,250
2026-09-06T08:49:38+00:00,HMzP2PK3SShRmqWdJQsLs29GSZoRKRp5xkd9ARvHjKxW,6LHnykG8cKgDdGZqQvSEuVjDcmYBZzGtcf11J2F4iyYh,NUKE / SOL,new,20219,10950,0.0,41331,41331,20.992,20.992,379,130,3.7746,C,250
2026-09-06T12:47:41+00:00,0x91c74904710afe7db785cc89bfb0644765876b2e2c898bc3e20888d5f8c1085d,0x568794348b0b8b2abf406d20bf6e119218217b07,Basecat / ETH 1%,new,13936,12858,0.0,24170,24170,232.283,232.283,18,14,1.8797,D,250
2026-09-06T16:07:31+00:00,0xeaa411b2b5b74e368d87c0c6e538084c6d342949,0x0ae1be300bd11b644402781fe1083dc1316aa888,BIN☀️ / WBNB,new,88476,252997,0.0,88018,88018,55.71,55.71,29,29,0.3479,B,250
2026-09-06T16:07:31+00:00,0xd1771c72b42d54c1937e184eb770ab2744cb4376,0xfab82d581b0ef4241fdbcd0e82ed123ec2d97777,CHIPHOUSE / WBNB,new,18350,89316,0.0,18843,18843,282.715,282.715,90,51,0.211,D,250
2026-09-06T16:07:31+00:00,0xaccac1047b7be728147fd1e0376fe24c50efcbbc,0x80bdadf64a1ab0b490a3425e2ce1d5c00cdfac03,锦鲤水瓶 / WBNB,new,32195,156435,0.0,25022,25022,198.009,198.009,26,19,0.16,C,250
2026-09-06T16:07:31+00:00,0x0b1f860555e7997f24fbd9741741654a7f9f7ede,0x648d01ab59e3df45ec17955d99a46e20c8d17777,吕吕 / QQQB,new,18838,40321,0.0,165627,165627,26.929,26.929,703,631,4.1077,D,250
2026-09-06T16:07:31+00:00,0xd5c4503e9da9812f7f953479d947743b6164b281,0x8b9719104981daa6659f7551796b529708e33b07,CHIPHOUSE / WBNB,new,13026,13093,0.0,18070,18070,313.793,313.793,35,23,1.3802,D,250
2026-09-06T16:07:31+00:00,0xb928a449e03f8684f7414eb1d46c71b701fea42e,0xefa0249aa3887e3028d0b7db73233703cac97777,哥哥 / QQQB,new,13155,21347,0.0,104386,104386,-43.616,-43.616,479,432,4.89,D,250
2026-09-06T20:43:29+00:00,0xcb0309312718e7c1a54d4b35be3726ee38755b82,0x1d0c1be75f32c1238da27dbb59d21c7df8d311b2,BLUE / STONKEX 1%,new,26717,56144,0.0,34440,34440,887.641,887.641,110,54,0.6134,C,250
2026-09-06T20:43:29+00:00,0x9fb8144a26a20dbc2d70dcffdb2d0e2b32e28a6dd0c552c667b9138d11f3a063,0xc3846c6691d4fd8866a6e5c118886358fcd77b07,MOONBASE / ETH 1%,new,13433,10843,0.0,24083,24083,180.953,180.953,18,17,2.2211,D,250
2026-09-06T22:26:29+00:00,0x47c79fb8fc87ac4872a44e7dc2a862852ef715e2,0x39acf2ef7b11a247e58a04e90405b2dac183f63f,sponsor / WBNB,new,16152,53604,0.0,12035,12035,125.501,125.501,18,10,0.2245,D,250
2026-09-06T22:26:29+00:00,0x0e6b06518034a389bc6a927c0fccfa473e03fd4a,0x1402a35a99be13f8aaed9fa675a589f699a03b07,1 / WBNB,new,10496,8988,0.0,9558,9558,181.231,181.231,24,11,1.0635,D,210
2026-09-07T00:17:29+00:00,3nWQEdVVU9um1faSjTHpnHgFYuPnu1WruJ37vKWePFse,fkyzJ28NpzkidamfrRjuVPFrUyZKgEMACqSPknvgLpC,Harvey / SOL,new,22891,393252,0.0,148142,148142,3986.424,3986.424,1480,65,0.3767,C,250
2026-09-07T05:07:08+00:00,0x13d36b6bb1a66fb3b57cefef8254d6e44bb723964443077dc407a0584b30a86a,0xb20000000000000000000012cfc8e6151981a041,CR / ETH 0.3%,new,24943,40832,0.0,37012,37012,609.747,609.747,57,13,0.9065,C,250
2026-09-07T05:07:08+00:00,0xabe6b5489d7b09908a628dfc7c979ebd47221215dc2048969996840dd70cd2df,0x2d6f9ae67fff6036a36bccf48950ee2e603d4b07,Basecat / ETH 1%,new,13806,12377,0.0,26354,26354,220.577,220.577,17,14,2.1293,D,250
2026-09-07T05:07:08+00:00,0x0b179ee721dd8f64e0b9a526dfd1c2733eb31a7c14f70ff656d880aaf1ee9a2c,0xb200000000000000000000df00cc6896c1f23d40,axium / ETH 0.3%,new,33907,76356,0.0,61170,61170,1229.644,1229.644,103,27,0.8011,C,250
2026-09-07T05:07:08+00:00,0xf1f4bf98a2f51fd51f0dda7ede8da6a10feff2d6e8e11a603e28c89be317e71c,0xb200000000000000000000e4ad9ab13239bf27ed,WERB / ETH 0.3%,new,38585,72104,0.0,59991,59991,770.164,770.164,103,29,0.832,C,250
2026-09-07T05:07:08+00:00,0x04e1347037ef9064806169c8b3512ab4bb8b116bf8e984d78ea9697c627ff399,0xb200000000000000000000a57ffd97eb22ed7e35,TYSON / ETH 0.3%,new,35808,84293,0.0,60160,60160,1366.246,1366.246,102,27,0.7137,C,250
2026-09-07T22:43:17+00:00,0x2b753cec94fffc8093bcf1399e2ac1408bcf3c73,0x07253428c64702a5b87747fe755aca5ba57114ce,PINK / WBNB,new,20089,89212,0.0,26745,26745,279.872,279.872,36,22,0.2998,C,250
2026-09-07T22:43:17+00:00,0xebe0e2d9820ba6f238189c4730edf42020b5861e,0x253a8a75fcb99ccaaeafc08c2251a9154ad85b07,PAWZ / WBNB,new,12019,12485,0.0,14505,14505,291.797,291.797,30,20,1.1618,D,240
2026-09-07T22:43:17+00:00,0x04cd8bae9e1fb795f07e3bc1426d9a106648a505,0x10ece7ad8bf7ab179b7ed5fdeedbd418b8937757,PHOE / WBNB,new,81993,291205,0.0,89467,89467,110.835,110.835,18,16,0.3072,B,250
2026-09-07T22:43:17+00:00,0xa32fc05b5296b8369f39a661aab454d26949ad60,0x91fe914e4186d74dea9ceb4e8267c9e3701b7777,PAWZ / WBNB,new,48271,221270,0.0,41466,41466,235.747,235.747,76,43,0.1874,C,250
2026-09-07T22:43:17+00:00,0x9f4f85db6099914767d5df5049fc5362e73568f3,0x4ada6390a6ab2344bb81457e33108d3dc19a7777,PAWZ / WBNB,new,19062,99876,0.0,20998,20998,323.96,323.96,96,53,0.2102,D,250
2026-09-08T05:21:37+00:00,0xce730ad0f2324361ccec0e7dae5566944a5fd364aad8b1643fe6eae029295d93,0xb200000000000000000000040865e2a9778db2a6,FLY / ETH 0.3%,new,28989,43227,0.0,47187,47187,425.232,425.232,73,21,1.0916,C,250
2026-09-08T05:21:37+00:00,0xc69ea0a3090d8a98c3b605fa9c74ca9bfb0684381e464d0bde55366d8c6b2e9a,0xb200000000000000000000a94910a41b7ba5e8e3,PITIPEW / ETH 0.3%,new,28076,54663,0.0,56964,56964,856.955,856.955,104,27,1.0421,C,250
2026-09-08T10:01:27+00:00,0x533165dccd8b53c0a265ef22adab75642fe84909,0x200bb33889cd5849d5a88a2649a7f82523f77777,ANT / WBNB,new,45607,193395,0.0,42662,42662,181.213,181.213,69,45,0.2206,C,250
2026-09-08T14:35:21+00:00,8Q4178m7A6xagoGN7zktk7RAZwRqmKmXctsM1ZNnLxaL,4hCRoa5YMVS13o5BwgVpg4pJMzCsJiWjfVZe8kDmy2oQ,Laptop / SOL,new,7577,2552,0.0,21885,21885,-3.596,-3.596,53,26,8.5774,D,152
2026-09-08T14:35:21+00:00,7uhQEAhEudSMxgok2wMgvESxqpXibg2f8yVJsHYJSKoJ,An3Keuzk1RAXnX6LSMkCQqdGrEEioPapkArnVcXPpump,NUKE / SOL,new,4803,5618,0.0,60159,60159,-87.094,-87.094,278,269,10.7075,D,96
2026-09-08T18:07:43+00:00,0xb0ae7635abd5d4dba211bb50a4823884769cc4acbf16fdd4544c99f843541944,0xb2000000000000000000008c3edd5f0c97535cc0,CEETA / KTA,new,7005,6290,0.0,32257,32257,-31.218,-31.218,109,93,5.1284,D,140
2026-09-08T18:07:43+00:00,0x696df0a8b2802d07d6b8cbf0d57883ccd189aa48da2475a63cd12ff3174c21e8,0x0591d56fe5bba455c69100af40e454b354e3ec29,LAPTOP / ETH 1%,new,17040,18710,0.0,30663,30663,386.069,386.069,25,20,1.6389,D,250
2026-09-08T18:07:43+00:00,0x5c4c0d3b5ad92ea2c4c38af6284351f217b89ab1f781d7966113442d5bdc5c53,0x0a056fb4ae775d925e3a34bb9915ff4720b49b07,TOPBLAST / ETH 1%,new,18722,23979,0.0,25093,25093,522.948,522.948,50,39,1.0465,D,250
2026-09-08T23:26:36+00:00,BwCKpow9cYPkw4i5NEsbxR51NcPM3ajnS8oGuQcXiqGM,BrsCczGk4162uAVMQpDSZyF3CPE5uGr929NABfCTzxve,PAC3310 / SOL,new,25735,1,0.0,9908,9908,-99.998,-99.998,102,101,9890.3481,C,250
2026-09-08T23:26:36+00:00,7LUAMqH7279UscP5YUrddE86qHqLPuMDh9UoEB1ieqq3,25nnDGFBzwr8R4UU2hqHhXoyKCshhRk4b32VAqBApump,sat / SOL,new,21670,79628,0.0,82175,82175,88.082,88.082,644,359,1.032,C,250
2026-09-09T01:27:35+00:00,0x601b9ebf5b99bd22d228e2356810a138d87bc53f796ea0ce8af19bea1ea0c040,0x1d423d74302895f1703ef15f92788889f7b9159f,LAPTOP / ETH,new,16310,147531,0.0,125261,125261,68.198,68.198,30,19,0.8491,D,250
2026-09-09T06:36:26+00:00,0xd0a2573eea5def14e4b03ef682f5804eaa8d9be1,0x70a1ad56733e31ba533c1368d65f9c04c3397777,Dogshit / WBNB,new,40261,151947,0.0,20799,20799,121.63,121.63,46,25,0.1369,C,250
2026-09-09T11:55:43+00:00,4wf6aByzJNaoNSidGnfX95Z4qMHuSxmeHWefjxuKc1Um,B5gFNeupcF9xjjZknW6RoTxHgHXSWcsPZj8EiNcN7Hty,HODLster / SOL,new,22157,12876,0.0,29840,29840,38.374,38.374,198,72,2.3174,C,250
2026-09-09T16:28:57+00:00,0x537afd162ca537036e44a48cfb32237171eca01341fd196504b3028ff75362cb,0x5a4b38bbd3a7e60f40ad1446f5b939097c9724e0,Laptop / ETH,new,20555,239726,0.0,275546,275546,173.815,173.815,30,23,1.1494,C,250
2026-09-09T16:28:57+00:00,0xe1f09faca9939d5c86e121f9a493781ce26ef2ea373426e4b254ab5e22a9e814,0x1898f9004ff872457b4b9ecfe246a77ce7b8ec29,LAPTOP / ETH 1%,new,18106,22487,0.0,33041,33041,484.61,484.61,28,22,1.4694,D,250
2026-09-09T16:28:57+00:00,0x283e5737100465b2e5c7f2a635847affb4b8e952784aa4e58939dd28d5785eae,0x9b742120bd9c639c50d1937aea4b677f47489198,Laptop / ETH,new,16354,152680,0.0,311200,311200,74.174,74.174,31,18,2.0383,D,250
2026-09-09T19:27:08+00:00,0x455a5d84c4fe01c4d661cd34082ff12fa5bff2e3,0x5352aec2389e54f1974dcfe62dde3e3fa1ed4444,IDUO / WBNB,new,8359,6504,0.0,13125,13125,-90.102,-90.102,37,47,2.0182,D,167
2026-09-09T19:27:08+00:00,0x9709f3297849d96dc66e989032d4d9641280eddb,0x960c9119a555b5058753b1061fb25e05e4728b07,爱疯18 / WBNB,new,15007,18983,0.0,13473,13473,479.464,479.464,29,13,0.7097,D,250
2026-09-09T19:27:08+00:00,0xcc0752715ea79e930aab99330f588d1cd7fbb247,0xd3c66fffee5a8d2fd2bbe17741bf098a975b4444,VC / WBNB,new,40319,153689,0.0,25744,25744,129.949,129.949,54,27,0.1675,C,250
2026-09-09T19:27:08+00:00,0xfc30882b12b06fdf0ea8f81d01d4700ea0b486f2,0x9f35890904cb6367b624cb630b757ca04a913d45,ND4 / WBNB,new,24156,135104,0.0,47943,47943,448.811,448.811,43,31,0.3549,C,250
2026-09-10T00:00:59+00:00,0xe57cdb8f8403943f6568c5e508e619790bca75b8acb00801f2d5b67e7ce2ef37,0x1800ae40ac958cb86199bef6b4e73f798e60ec29,EMBER / ETH 1%,new,18003,21367,0.0,38487,38487,460.186,460.186,27,23,1.8012,D,250
2026-09-10T00:00:59+00:00,0xfbaa1d2b564056d901b776b4dc6fd69b931cd6f2a2c838e3dd8edc5d3a79c264,0x7d5a3a0b964f4daf1a67d867f4070ca1517f4d0e,LAPTOP / ETH,new,21875,273732,0.0,570059,570059,215.361,215.361,30,23,2.0825,C,250
2026-09-10T00:00:59+00:00,0xc20e60847266917f4cdfa71eb79a9cb63edc8a3bd92d135eade17f861951425d,0xb200000000000000000000a46ae1215d7b59d301,HOME / ETH,new,6760,7903,0.0,9758,9758,21.176,21.176,35,13,1.2348,D,135
2026-09-10T04:47:47+00:00,0x8704448a70e075898621b02d5b8bf504119e953f,0xde2b82db83a154a841b5fed55b20b49beb827777,西游币 / WBNB,new,17291,86250,0.0,19178,19178,275.609,275.609,82,49,0.2224,D,250
2026-09-10T04:47:47+00:00,0xdf9528c268006af43e314fa08e9a0597da462ea3,0xc4e5f55a5815aa8c03a5a55392df9026d8643cfa,💸大佬金融 / WBNB,new,67190,219369,0.0,63478,63478,59.604,59.604,30,31,0.2894,B,250
2026-09-10T09:32:06+00:00,4TGCj7CoDzogQYBa17QEBtRng36kybWfWf5qEBBtuuuG,AAWTXe2x1gzFesweekxr6VKepywZhdcbRG2jnHzr8DCM,COPY / SOL,new,18539,9929,0.0,12449,12449,9.752,9.752,170,13,1.2537,D,250
2026-09-10T13:51:28+00:00,0x9689a95eef0ea3d8f47a12ff681f5676f2cc94b55925b9ce7e62f9860e0d6681,0xcec1db16c43b7ca910f334a099d12646a1aeec29,ZenoCoin / ETH 1%,new,18519,21889,0.0,42956,42956,483.944,483.944,30,28,1.9624,D,250
2026-09-10T17:37:12+00:00,0x215e5badab30013893ee9a373e98485bd7de2062,0xf3999f9bc45b822b37c15584b1d4a0d461c28b07,CEAT / WBNB,new,15558,21418,0.0,20121,20121,558.512,558.512,34,17,0.9394,D,250
2026-09-10T17:37:12+00:00,0x6a33cc9a6d44316c804f56f37bb4a556e1c35b09,0x2985e4df9dca7bfcda5a2d2b4e0b725a272f7777,DONKEY / WBNB,new,19403,41399,0.0,202526,202526,-40.595,-40.595,1305,674,4.892,D,250
2026-09-10T17:37:12+00:00,0x784d32f725c67a9602fcd4ce3aa75dbc82a1e2f4,0xdaf15d857b376e2acf7993300684e7e3f331eb07,CEAT / WBNB,new,11197,10572,0.0,12392,12392,244.578,244.578,37,26,1.1721,D,224
2026-09-10T20:03:57+00:00,2mojAfBijCM6c68axVeXfkU3USqiD1CuHudcPxNbZaJp,GKCvJmW9vgsrvQMsYBySFVcvtVuGeHN6M5B54DPCpump,CARRY / SOL,new,7831,25615,0.0,23754,23754,635.006,635.006,228,125,0.9274,D,157
2026-09-10T22:37:16+00:00,0xde341adc67d01899beb698d2c809f5eaf73e30236799e5f9c19f19aa13b07984,0x40a20481f783f91d39212bb609433ef7e5221164,USELESSLAPTOP / ETH,new,17164,177013,0.0,232924,232924,104.489,104.489,30,19,1.3159,D,250
2026-09-10T22:37:16+00:00,0x1cef74ccc835e4fcfbafeb4d6ddc098c88436e95578c4e8438927731aee3c225,0x81bfb25645e2611e9b0a3fa8ba13254fb8eaae00,BABYSTONK / ETH,new,16921,166959,0.0,327615,327615,92.902,92.902,30,23,1.9622,D,250
2026-09-10T22:37:16+00:00,0x6385ab545f2714ad3b1a648c68973b77a375f59e0e1cb132955828da3c7598a1,0xb200000000000000000000c74ea7e79f1947656d,CW / ETH 0.05%,new,31905,60457,0.0,58327,58327,441.716,441.716,56,31,0.9648,C,250
2026-09-11T00:34:48+00:00,0x5243353b452d29beaa0a8dd710e8ad7afedd2147,0xf95f1a9d71d02a555ee003eaac7f0c79f4077777,MOLLY / WBNB,new,16274,80867,0.0,18883,18883,246.915,246.915,53,33,0.2335,D,250
2026-09-11T05:18:44+00:00,FPsd9UP1aZYPuwRvqv77n2XZtQq89n36CQLakzcPzLsb,6gweD6TwWn6QkxofTVLbRVNiKVFNSgQxKXyPxDMCc3UX,NIKE / SOL,new,335221,1071156,0.0,180083,180083,37.091,37.091,201,23,0.1681,A,250
2026-09-11T09:57:18+00:00,0x04d1a25c8308250f5beadf7c690a34743a3c47ce18a4d02a599d299a5f47dc56,0xdaf71523c0c6523378daa313f0ad38505d6ffdac,DESKTOP / ETH,new,20635,157535,0.0,213806,213806,81.319,81.319,30,19,1.3572,C,250
2026-09-11T09:57:18+00:00,0xc5590c59aae22be24762acd6e3db7d6ca64abe6f4564b3f9fe30992113962ed4,0xb2000000000000000000000d69ec00284749d1cd,TICKER / ETH 0.3%,new,23747,47125,0.0,46989,46989,729.377,729.377,82,18,0.9971,C,250
2026-09-11T09:57:18+00:00,0x7fa06c667bd8e6ee8c9f454eaaaa2c236e99e4c3152db107686989ecc31945cb,0xefdfa73d38011cc6f66492ecc3c321030ed8ec29,FLYBRAIN / ETH 1%,new,16136,16960,0.0,33349,33349,344.678,344.678,23,22,1.9664,D,250
2026-09-11T09:57:18+00:00,0x4cade61b09f626cef3b5f082a1c02a026c40158208843287a923ed96e4359eb8,0xb2000000000000000000009aa38b053a046aebb1,TICKER / ETH 0.3%,new,29855,47357,0.0,52695,52695,478.849,478.849,90,26,1.1127,C,250
2026-09-11T14:18:07+00:00,0xe16ff8c63832a9331ad9054985f00d835d7ef05d,0x1d0c9a4de23eb731f930b4384a8b85640a617777,币安新 / WBNB,new,20410,111727,0.0,21514,21514,376.377,376.377,58,34,0.1926,C,250
2026-09-11T14:18:07+00:00,0x1f901b0e1e457466092afd26c4363816a5331db0,0x16b04ec8578c5e007aaeec2934c8ef59f6f67777,币安新生活 / WBNB,new,15737,25830,0.0,114862,114862,-45.32,-45.32,1768,1375,4.4468,D,250
2026-09-11T14:18:07+00:00,0xbce07e4d4ca949d1acbda8952bfdc9296d0ecfe8,0x7eb1ca7c0726ae13e81840787aeae9e09cfb8217,OPAI / WBNB,new,22935,119635,0.0,50642,50642,412.451,412.451,49,38,0.4233,C,250
2026-09-11T14:18:07+00:00,0x62ddddf7a22143e7a3f84394dcf1b3971f491514,0x6e5b2ea08b8ad2d42db235f1afaafbbad71adb07,OPAI / WBNB,new,11791,12211,0.0,12003,12003,291.101,291.101,37,20,0.983,D,236
2026-09-11T14:18:07+00:00,0xbdfe0a4f11c283114133e647259c2dfa2d3c541c,0x110979f2d530393f6c990cca305fc0be0b46adc3,BB / WBNB,new,84671,313853,0.0,137894,137894,129.932,129.932,28,26,0.4394,B,250
2026-09-11T20:50:09+00:00,0x092c4729cfed9947ab7eb4b56f5d71f0a53647c79a8e504c66a2ef7fba046497,0xa110b2fa5e1539f5477965c2207a705e3d86c193,CYBER / ETH,new,19651,208096,0.0,370714,370714,132.852,132.852,30,25,1.7815,D,250
2026-09-11T20:50:09+00:00,0x2de847a444ed4cb8eb53b64811a8a922bfbf159bc3aa77eb57c1fdbb8a37d298,0xb20000000000000000000081f8760c2bd4743ba0,ACAT / ETH 0.05%,new,24392,36593,0.0,56362,56362,276.849,276.849,42,22,1.5403,C,250
2026-09-11T23:08:58+00:00,0x406339a2051aeb802121ead1b7a13c28724261d1,0x2fe5601be25134077b7f6094fd53c56af18f7777,3ULL / WBNB,new,16342,72450,0.0,14808,14808,208.452,208.452,45,22,0.2044,D,250
2026-09-12T01:09:46+00:00,79T4D2mKXHfUBTg6AWVJHHMUx8jb5pH9cj9LaoVXLcVU,5Bb43RCfPFDQnX7EHtRzmLuV2rbhWKv1r1KkAcDu2D9Q,PepeCoin / SOL,new,19995,11670,0.0,10860,10860,31.017,31.017,112,42,0.9306,D,250
2026-09-12T01:09:46+00:00,5WPPWErRjZNXmP5ykJTmJFgYsfWyTb1kQwnaUZutbe4U,KrbaZEyvvXL9Z1E5EZg5VjX3wKVFwcZ734Wj8DEpump,Samsung / SOL,new,235439,7885367,0.0,109963,109963,1260.787,1260.787,141,98,0.0139,A,250
2026-09-12T05:50:56+00:00,0x2b923b36f5f950e1a86066b78b9466f969859938c8126f77cf98c6d2efc64fbe,0x2531f7583dd1c8615d3e0f9bdff86948b6f1ec29,CATGPT / ETH 1%,new,18093,92633,0.0,46620,46620,386.819,386.819,38,29,0.5033,D,250
2026-09-12T05:50:56+00:00,0x77a2ab6aa032a30f956fdc29400ea6a712561712149128f2b23d718552689564,0x8619e076b8f2215bb1e20621017a664c3efe80db,Laptop / ETH,new,24635,344308,0.0,570810,570810,289.139,289.139,30,26,1.6578,C,250
2026-09-12T05:50:56+00:00,0x181ad1cde896c4e8cb6a21c3b16ae1c0ea267e89ce7afcb5a37f36b9b865b96a,0xd5c9a165940b9e44cb2c4a19fa3c06721685adf2,OCTN / ETH,new,25860,382684,0.0,900412,900412,332.849,332.849,30,25,2.3529,C,250
2026-09-12T05:50:56+00:00,0xe26360297e0e35c520b2d40e65b4f510713940c8d0d6f1c380c1e7d6f532d378,0xb200000000000000000000588c94c1832621437c,COPE / ETH 0.3%,new,35273,61670,0.0,62146,62146,640.27,640.27,100,29,1.0077,C,250
2026-09-12T10:31:20+00:00,0xdddd6094dfcc7a141f91023d2fc7e2884381db06,0x067997e5530c9e0a24ecdfab47dd0302597a7777,BNBANK / WBNB,new,42742,172200,0.0,36212,36212,159.79,159.79,64,38,0.2103,C,250
2026-09-12T10:31:20+00:00,0x64cf58f9c7edff5410e23c1f15bc842a50718e52,0x75385c5edcc1212795e3425dbc8dc83376d35c63,ELON / WBNB,new,68774,254673,0.0,41755,41755,87.583,87.583,20,19,0.164,B,250
2026-09-12T10:31:20+00:00,0xb351cc7519360808a645cf13413281a01f4deb31,0xda7d0ef237e9fd518f5ee2de69869849ef904444,REVL / WBNB,new,20078,39933,0.0,45578,45578,1426.845,1426.845,46,31,1.1414,C,250
2026-09-12T10:31:20+00:00,0x37246d45ae26ec7e8d99cad28a34139840fd480f,0x6e80501ed4b6bdda860b268dae6a63c4cb620bff,Maple / WBNB,new,23075,118892,0.0,51098,51098,398.829,398.829,46,35,0.4298,C,250
2026-09-12T10:31:20+00:00,0x4998396bb4934ce8790641e116e6bddae2c323b8,0x40c3b1ce41815ddb45dbe08a16820eda9dd37777,NeuroFly / WBNB,new,20681,124718,0.0,30307,30307,429.834,429.834,70,41,0.243,C,250
2026-09-12T10:31:20+00:00,0x6ccdf31789ef3bcf3d6bac0fc6ebff1d532ed715,0x9be9f688c4226179e6127f7f27932d178b76624e,FLOK / WBNB,new,127722,520102,0.0,192474,192474,164.168,164.168,25,25,0.3701,A,250
2026-09-12T10:31:20+00:00,0x45cdff6dcb326bf4dde2caed3db6ac1307083b7d,0xa9afafc8da7102039f3fa5ffae0b71464d15eb07,BNBANK / WBNB,new,10996,10669,0.0,13470,13470,236.752,236.752,37,24,1.2625,D,220
2026-09-12T10:31:20+00:00,0x22b0bf92a79f466899312faab7aafb083581ce8a,0xd159f97b0938476af6b6046f3f2c04f2e90ea588,BAD / WBNB,new,64607,286478,0.0,66105,66105,257.624,257.624,29,25,0.2308,B,250
2026-09-12T13:45:51+00:00,GUDzsNwhs7Fyn7wa2Wr71Q8M3FgvdApaQSvnC9vUdZKc,74Tsyg2TypUggW1g3adeEDU8YQAN3XN378PUKAAcpump,SOL / SOL,new,3459,4434,0.0,11543,11543,15.285,15.285,71,59,2.6033,D,69
2026-09-12T16:54:10+00:00,0x9375f503ac0cdfd70e3702ce1828c30b5e533b54cd7d7898b4517c0ebfffc1c3,0x89502795c0aef2eeb89afebf3d42fd99770af9fb,Elon Coin / ETH,new,17188,164404,0.0,350415,350415,84.473,84.473,30,18,2.1314,D,250
2026-09-12T16:54:10+00:00,0xed299be471d248af2da76c42f3f8d7945ee8d64220a7cc98fadaaf69dce3c50a,0xb20000000000000000000002f5123e63607f6e18,RATIO / ETH 0.05%,new,29958,60999,0.0,61943,61943,286.036,286.036,72,30,1.0155,C,250
2026-09-12T19:06:26+00:00,0xba359ce4dc337e5d8ab37e13b6b2d419c68b1ae4,0x7bbbbe2d1bd7d43eb9d1fbd0598256ca6b607777,幻想 / WBNB,new,17826,84744,0.0,18253,18253,265.827,265.827,48,28,0.2154,D,250
2026-09-12T19:06:26+00:00,0x42a9365b3c98865abbf9e37ab9867c98a77ff2ea,0x918f23a39ca0ef948e1da709936446e6f3a37777,onboard / WBNB,new,15528,65749,0.0,11858,11858,186.132,186.132,63,35,0.1804,D,250
2026-09-12T19:06:26+00:00,0x894a38c16ff45c95a97f2f269a9f42c4242a79bb,0x3d09ab4e138f06feef2e19d2b9f2a21b1de57777,幻想 / WBNB,new,42059,170247,0.0,35992,35992,157.975,157.975,64,43,0.2114,C,250
2026-09-12T19:06:26+00:00,0x851a738f5590aa6af65739a990d2d6d562b9410b,0x8d9a62b89d895dc75ce07f4690776a449f611e18,FTR / WBNB,new,23270,128059,0.0,52626,52626,426.329,426.329,51,40,0.411,C,250
2026-09-12T21:27:26+00:00,qff2zjjzaQq6hufSrcZWDCWwS3AQzv8AsKxSFb1xXLP,AjdKvUysL6Em1ZWiaCeeVHVYKms8hJu6iromznzrmpqL,HOODLANA / SOL,new,12754,31703,0.0,20839,20839,-23.457,-23.457,142,79,0.6573,D,250
2026-09-13T01:08:19+00:00,0xf1bd2c31b827dc4fbfdacaecad46db0c53389cd4,0x901d362dbc0298ab17851250538eec6cefbb7777,ACAT / WBNB,new,19018,78915,0.0,17665,17665,242.598,242.598,32,17,0.2239,D,250
2026-09-13T01:08:19+00:00,0xab5026aa210a55e54a7ebe8f9ea2262b04718364,0x01bd8bba0c36d56d55ed93e0f0eba4ea3b283b07,ACAT / WBNB,new,9973,8648,0.0,10954,10954,170.093,170.093,32,17,1.2666,D,199
2026-09-13T01:08:19+00:00,0xe96a47d1af9d2450c4b416faeecb39c65b214a2b,0xfb588d0bca938b11129c6b1c0429a4675cb07777,APanda / WBNB,new,19043,98903,0.0,27440,27440,317.661,317.661,66,45,0.2774,D,250
2026-09-13T01:08:19+00:00,0xc1c297d1eb7e9300d0e2057988f7bb1d2c80e7c3,0xc5ab8ef99cba5f5557229bfefc60427e6ed57777,AsterCat / WBNB,new,18113,91827,0.0,17548,17548,293.697,293.697,84,45,0.1911,D,250
2026-09-13T01:08:19+00:00,0x774ff92269e6fe5b0cff9dd646cf7435848cab21,0x955e9ac9343eb4ea243afa5cbddc1dec89f6a7aa,COIN💎 / WBNB,new,81765,280317,0.0,38449,38449,98.584,98.584,18,18,0.1372,B,250
2026-09-13T01:08:19+00:00,0xed50e089426f4ecbb98a60ba6c75a2ed93402d73,0x58ae1757bfecdb1263fe0118742143cadb697b07,HOBBES / WBNB,new,12906,52619,0.0,12563,12563,269.99,269.99,37,22,0.2388,D,250
2026-09-13T06:13:54+00:00,FqFzjSHJHx1GHVchdxfKTqDEGKtrp5W62XbB59HPuq5x,Lpv3UupDYFeC19nuWiPnqUw2hu56Qmt749RdT5rpump,Rolex / SOL,new,97868,1407500,0.0,41563,41563,482.43,482.43,280,199,0.0295,B,250
2026-09-13T12:02:29+00:00,0x5bf1452819660e300bbb6455f6ff8fd4018c056ea0b8eec4ee76566298acd459,0xd42b2847e3128b36194dacf171c2da4b0395bb0d,MEMELESS / ETH,new,20287,247560,0.0,815150,815150,183.454,183.454,30,27,3.2927,C,250
2026-09-13T12:02:29+00:00,0x97f495981e5c7693b360640f62f6250b349803e8002aef9c638bf248268339b5,0x31c2c14134e6e3b7ef9478297f199331133fc2d8,wtSPYM / USDC 0.897%,new,4090,718993,0.0,8760,8760,21.322,21.322,40,33,0.0122,D,82
2026-09-13T12:02:29+00:00,0x9e56d37379d08d1531202f09128988d6850407706bcc13840fbb63553f483d0a,0xecc58a637c18b1cdf864bc328558a05e2785812b,LAPTOP / ETH,new,22159,335103,0.0,464814,464814,283.871,283.871,30,21,1.3871,C,250
2026-09-13T16:21:56+00:00,0xe33da0256cbaee656dc0fbb798acc981899f4f8d,0xdbd8115399df5ae14b072ca49f8eec8e2376c724,LOB / BREW 1%,new,5250,5149,0.0,13628,13628,-48.351,-48.351,45,45,2.6465,D,105
2026-09-13T16:21:56+00:00,0xe48044bfde224bc0f44ec4e4609dae3a63c14516,0xc8bcd3ca2748a77bc40206883512d80dcc2f3be8,NINA / WBNB,new,21830,99599,0.0,39650,39650,319.35,319.35,45,33,0.3981,C,250
2026-09-13T16:21:56+00:00,0xb3c90ccdbc163b7ca0f5a0d2f4708ae03e8427f5,0xdd3f1b29df43fd9edbcd96f998c8af8c0dbb7777,NINA / WBNB,new,16169,73729,0.0,16505,16505,221.898,221.898,79,45,0.2239,D,250
2026-09-13T18:53:54+00:00,GLB91rhaTrBT2pQKJvfzh1tjbLh1crW28XYQHhEhWhPX,AF93K8zM3NXDZijwCMGCAipWNHHiFiyNW2yPnPeMpump,Devless / SOL,new,17436,45012,0.0,9562,9562,8.217,8.217,95,44,0.2124,D,250
2026-09-13T18:53:54+00:00,JdDHzQNj58fHpnFeaZ92Gx56ue628YybJkVPEAuRFuE,7KCAkcboSSD26NrpmTwdafQnY6VUh7phWZhJNhkqpump,WTF / SOL,new,2709,3459,0.0,8204,8204,-36.682,-36.682,74,62,2.3715,D,54
2026-09-13T18:53:54+00:00,3fhfkxbwsF2DB3THJGeKLVQWJFeV895LXSwYsqFymFVv,8eL29zrhAguWZUvbs5LZ4kPN1bF55TdxuQAyFYYGpump,Silkie / SOL,new,2911,3757,0.0,11688,11688,20.8,20.8,115,103,3.111,D,58
2026-09-13T21:22:06+00:00,0xcc4a1c039ffb138969f758863bc89d12ad088de530633d3859c27a3faf95d226,0x6f0232f4e8eeb31ad45ac45a2298b03478213b56,$GTRADE / ETH,new,19990,223829,0.0,110172,110172,150.672,150.672,29,24,0.4922,D,250
2026-09-13T21:22:06+00:00,0xdaa82c2a3d14e8f55d71fab99296dbf235c9dd93de1b08e44a20b2b3a9c2dd28,0xfad4a9a1ae625123af73632d3149ad736b09ec29,ENDAI / ETH 1%,new,17137,95494,0.0,35680,35680,401.632,401.632,37,30,0.3736,D,250
2026-09-13T21:22:06+00:00,0x38500d3b5db18547fb60ec1b7359e0224c5d3289ac368725ef9c0cbe0024f08a,0xeceb2df26e0e69a76905e67dc49140e684da81de,MSFT / ETH,new,19819,220695,0.0,129722,129722,144.932,144.932,29,29,0.5878,D,250
2026-09-13T21:22:06+00:00,0xcdfe69e2374861602a4feed4c518c98b1d0c850114030be23056fb0e1186780e,0xb200000000000000000000fadd418ddf79e91729,BRIAN / ETH 0.3%,new,25156,31130,0.0,11458,11458,205.986,205.986,49,17,0.3681,C,250
2026-09-13T21:22:06+00:00,0xa70db63b79296cbe08d7a09e0610b73dab0d40716f39f69868d57ba59b0b3c10,0xb20000000000000000000055f89d038b4bfa77e9,𐓎SDT / ETH 0.3%,new,20939,24960,0.0,11549,11549,147.111,147.111,44,9,0.4627,C,250
2026-09-13T23:24:05+00:00,0xc14902e5e42f18fe39c2f5a2dc45d1f7de318ac5,0xa5f58388510f080c2fbc9af3285fbe708af07777,虾网 / WBNB,new,38861,150045,0.0,33558,33558,136.843,136.843,68,45,0.2237,C,250
2026-09-13T23:24:05+00:00,0x23e8ba5cbf495adda9b81f7ffbc54d87f0dbab21,0x7f2cb02f1898c34d84ed98ed47b80be47bebe777,虾网 / WBNB,new,25602,22138,0.0,22257,22257,178.016,178.016,37,24,1.0053,C,250
2026-09-14T06:59:15+00:00,0xd7ddf2574ee288251082321da65d38cab7b3a9f694fc1ea71e12822a5fefdaa3,0xb20000000000000000000082872bac6da8f12cc9,ANTIUM / ETH 0.3%,new,25374,44514,0.0,48590,48590,667.765,667.765,77,21,1.0916,C,250
2026-09-14T06:59:15+00:00,0xa0efe0014459f9d7bf9b44f95b37109d68dd1fd8ffb71c84d90250de9f95ded8,0xc258ee47efdc0f81d124be2c7740ba3a00d9ec29,Dogshit / ETH 1%,new,19212,119014,0.0,41196,41196,523.55,523.55,37,27,0.3461,D,250
2026-09-14T06:59:15+00:00,0xd0b0959de3734b15429860dd9e581dd1d242ed1af3bd68778dd8b26718e85c2c,0x3c14105f03317e963066fcc50eebaa5e0fb00198,Tcat / ETH,new,19510,215096,0.0,136458,136458,142.423,142.423,30,27,0.6344,D,250
2026-09-14T13:54:48+00:00,0x60ec4ba8e4ad55daf2decdff5277d42aed1e0abd,0x94e088c118c9f1e694c93647d825b3feaf8b4777,CAE / WBNB,new,21875,17576,0.0,13369,13369,120.763,120.763,24,14,0.7607,C,250
2026-09-14T13:54:48+00:00,0xa4ecdbc206ca0f00138f5a2d9bc1fd220e599a4b,0x4a7834066ce2724fd02a3665676394a4e4d74444,OPENECO / WBNB,new,17595,41965,0.0,15624,15624,1487.733,1487.733,44,15,0.3723,D,250
2026-09-14T13:54:48+00:00,0xfef9068927e45b3f7f4679f6f0c90708c1ccd82d,0xbebee5d9e26fc2eddefdcf2bea22d14b284d7777,7Stock / WBNB,new,21559,104525,0.0,34441,34441,343.721,343.721,46,30,0.3295,C,250
2026-09-14T22:33:06+00:00,0x70d55e2da0192e87dac5a9d24cc801f21e1de6bb9843b42a6052e2afff1a01e2,0xda46cc1dfed274de8821f06c0abc6ad17201db41,Mooncoin / ETH,new,20105,229610,0.0,157763,157763,155.653,155.653,30,27,0.6871,C,250
2026-09-14T22:33:06+00:00,0x1b164dcea70b8efbd17b6227582a1a9bbaf9fc3021c92726c4bc6500508ed1cd,0xb20000000000000000000004381d74907e389e82,FLAPPYFLY / ETH 0.05%,new,15159,20899,0.0,75032,75032,277.065,277.065,69,33,3.5902,D,250
2026-09-14T22:33:06+00:00,0xc2445470c9fc649f294e5b1352768e49a431db408dc40127568072b1c792617f,0x56ad125968eac4b34022a4433c326a340c8eec29,BRAIN / ETH 1%,new,23874,160682,0.0,105418,105418,731.711,731.711,37,36,0.6561,C,250
2026-09-14T22:33:06+00:00,0xa3df7317f19e5fa199f469836c6187f7a67961ab9c58136480cafdf6033d402a,0x55ef1dad98cd5fdaf2ebbabd420ae9e6a0c01013,DESKTOP / ETH,new,20366,225941,0.0,154127,154127,151.317,151.317,30,26,0.6822,C,250
2026-09-14T22:33:06+00:00,0xc8d638bf0d2650517020d59835b6531ad8a2e8bf8290def1936b59056cc8c060,0xb2000000000000000000005a0c125da6cf531d01,BRAINARM / ETH,new,15200,22761,0.0,17980,17980,446.039,446.039,77,39,0.7899,D,250
2026-09-15T00:56:55+00:00,0x68b2d496c30069fb908c4b8b54d33aae7b07c823,0xc03454541f4ae083b219d064650266044de02777,天議論 / WBNB,new,20013,15350,0.0,9365,9365,94.225,94.225,19,10,0.6101,C,250
2026-09-15T00:56:55+00:00,0x002f5228a2b2044716b39326045f144796e2e0b1,0xb7c96bfad974a593c483ba412435e07f96187777,Bpig / WBNB,new,14732,64566,0.0,9073,9073,175.827,175.827,31,15,0.1405,D,250
2026-09-15T00:56:55+00:00,0xe19771ec244c4d7fbecb80a97eb597a03dcff593,0x5a7361cbda0d4a7b037fb82385ee30953ffe7777,Bpig / WBNB,new,36182,132594,0.0,26627,26627,108.52,108.52,52,32,0.2008,C,250
2026-09-15T00:56:55+00:00,0xb77a0e72bd75b727663adcb0154cf5cab27e20c9,0x4f78e1f8503c14c0bfc872091208e8d606cd7777,天議論 / WBNB,new,15864,71741,0.0,13419,13419,216.882,216.882,71,40,0.187,D,250
2026-09-15T11:48:43+00:00,0x037a94ea37e689d4c9743c244a89294774c4e4c0e1d3c73dcea3fe332ad834e5,0x5752df8e6932f2e444c26a0a2a2621050329ec29,AFOB / ETH 1%,new,22006,141205,0.0,80233,80233,652.795,652.795,38,32,0.5682,C,250
2026-09-15T11:48:43+00:00,0x94ca4d32eb57e3a73bd6f5cbae9eded5eb5a8ed3d44486721f21c5c73b7e1b41,0xffaf47617875e32cb2b74278564469a5d27d3472,ELON / ETH,new,17284,173586,0.0,107802,107802,99.045,99.045,30,21,0.621,D,250
2026-09-15T11:48:43+00:00,0x25493f02c397bb27831114213eb2fde26923a9c067d32eba18c26073f620193e,0x64ad3f571971d276d6b18b07d31f883dac264920,S&amp;P 500 / ETH,new,19804,222955,0.0,133580,133580,155.487,155.487,30,26,0.5991,D,250
2026-09-15T11:48:43+00:00,0x505bba93d6001664801e526fae4111c5a7974ad9cce50513e063fd6049b55d12,0xb20000000000000000000050ee419d54a8b27f81,Dangote Group / ETH 0.05%,new,9964,11096,0.0,91084,91084,29.808,29.808,80,57,8.2085,D,199
2026-09-15T11:48:43+00:00,0xda0b5f26d914c1e9d563a614d4b77c051435272871da99286d16f88405bf650d,0xb2000000000000000000004adf9bd57a2432dd49,Edel Finance / ETH 0.3%,new,21612,25090,0.0,12611,12611,150.427,150.427,42,22,0.5027,C,250
2026-09-15T16:45:50+00:00,0xef09cb31e9993778a48e8a0d87d31304677e21c5,0x5a2e73c80fc87eab4e2b752a6b41fa8b70407777,FFF / WBNB,new,19663,105226,0.0,27146,27146,353.693,353.693,65,40,0.258,D,250
2026-09-15T16:45:50+00:00,0xd0aa982c7ff2e9afe3aa43ff83acbf91a6f07315,0x8fc52b1fa34fbedc2f11fd3573d0c7e9014f1777,C3S / WBNB,new,26498,23569,0.0,20309,20309,201.232,201.232,38,23,0.8617,C,250
2026-09-15T22:54:40+00:00,0x13f07e9136d8d9a3479a39a30a058f0e660be9c7662b6727491a93ba14f2e053,0x771aa0adb9e3382a6bf2a8a0770770f9fddfb1b4,STEVE / ETH,new,16426,155871,0.0,127263,127263,84.742,84.742,30,20,0.8165,D,250
2026-09-15T22:54:40+00:00,0x5af33a14978b26b95beb5eff29bb655fcf333eb2d854dabddc1765559a764243,0x7afe705f23926c01901f078b0c4e0a3362dc1401,chair / ETH,new,18862,207254,0.0,185254,185254,145.458,145.458,31,29,0.8939,D,250
2026-09-16T01:15:19+00:00,0xf9088c9d2da1b2c450c23b657285b8439e0a9b66,0xa4b0320fe6158823ce73a26300176747670b5555,CATE / WBNB 1%,new,75191,476982,0.0,40476,40476,387.343,387.343,83,32,0.0849,B,250
2026-09-16T01:15:19+00:00,0x16b5a8e057f95e5e061105a9820b5ccf6974f168,0x017c522a5c6ddf92b8fe2150d788f31b67bc7777,果蝇病 / WBNB,new,16151,67368,0.0,14563,14563,199.414,199.414,71,44,0.2162,D,250
2026-09-16T06:35:03+00:00,5hzw7jvrPnmuPh6Px1FCMtciKs9N5UmGFRmB64KMJ9j,5EuRBsVD5XKrewgw2SuU7VMmaGSFy1b2ChG6bCg2BYyd,BIANREN / SOL,new,19128,10981,0.0,64605,64605,26.715,26.715,355,75,5.8832,D,250
2026-09-16T06:35:03+00:00,A48XhnUHhRJCL6ZZTL1tPCSX317A2x5wRRNohJWqk5Nc,6rb1MW596KrPnUSA8UZdDeWaxK6JkNXUqDVuK5hNpYEj,CJ / SOL,new,49624,1315617,0.0,73170,73170,277.593,277.593,115,79,0.0556,C,250
2026-09-16T06:35:03+00:00,GfAVicRqNv1NeTA2z6RYgB6rLZoFZLsPUcwETgwMNmz8,jPSiiFDwSnxkQwPfhzbpN9QqDhmT7KQyndyMDgvRwSG,Bridgoor / SOL,new,2292,2933,0.0,11677,11677,-1.737,-1.737,80,72,3.9816,D,46
2026-09-16T06:35:03+00:00,8T7pccStVaeBXLpCfgf9mRJqLtrH4ovUbdrshCgJ9ZTN,HEDJpdHgxUupMoPxxjPBrFB6RyKLYpRdEKKRFUofpump,TikTok / SOL,new,80400,997045,0.0,32338,32338,405.52,405.52,523,344,0.0324,B,250
2026-09-16T12:08:40+00:00,0xa62b2ff5c9073c191821f47108808e635395ca029f22dde98b98ba54e1669fc2,0x853fc6a2292bbfa9611842742b44b5ba7524ec29,PEG / ETH 1%,new,24486,190426,0.0,85355,85355,938.701,938.701,41,33,0.4482,C,250
2026-09-16T12:08:40+00:00,0x768e24a553554eacad26b35da5374f100ef436bb4b42d2e587c1b23811949de1,0x6531aa445705f01efb3963ce2b7d02b47f6061b2,FIX6900 / ETH,new,16462,160933,0.0,115325,115325,88.791,88.791,30,20,0.7166,D,250
2026-09-16T12:08:40+00:00,0x04bfe42e85fb1c3032bd4e4063ca5d5fb61e8eb88a9b44e143baf3350899a5c9,0x0b50e7d5b8cd6dddc0dd0761bfb7fa218910a97f,LAPTOP / ETH,new,17047,168442,0.0,120921,120921,97.61,97.61,31,23,0.7179,D,250
2026-09-16T12:08:40+00:00,0xd6a5b4741ae4c63953106e2fbc8977d869cf4b0803841fb3221e12fc6b562f2f,0x58317fd7af82f8f01e85d26c97ccd0bdab34ec29,Minara / ETH 1%,new,20261,125717,0.0,92694,92694,585.395,585.395,38,32,0.7373,C,250
2026-09-16T17:01:58+00:00,0x12d5883df6fed566d7e3e915adbd156d2fab54d5,0x732914b4355e4fb45f2addc522f32427ec047777,狗哥 / WBNB,new,20910,122425,0.0,34702,34702,442.208,442.208,67,47,0.2835,C,250
2026-09-16T17:01:58+00:00,0xae3d1460051ac8a23d90484695b06b3160919c4e,0xd91f5ff86425ad561b5f1bdb0c20074eb2f57777,万事币 / WBNB,new,25876,150070,0.0,53489,53489,551.351,551.351,45,37,0.3564,C,250
2026-09-16T22:58:49+00:00,0x2fb999e4bb187ece797563bad21fbb5a735ddd365375a502c881105887603f4b,0x8531a1dcf8a289fb4657fc61cb18fcb55b7068c1,MSFT / ETH,new,15794,157045,0.0,117524,117524,86.388,86.388,30,23,0.7483,D,250
2026-09-16T22:58:49+00:00,0x85f5707d9e100625aa9458531b7972a60a8705de15d2eedc9856876f7096ae42,0x546775caefc8caffbaca1707d621d8a83db12207,STEVE / ETH,new,18659,208772,0.0,133651,133651,147.642,147.642,30,29,0.6402,D,250
2026-09-16T22:58:49+00:00,0x0a33ef1f418b277211f25cd11f02d0631dd575e9887d15e012197c18aa9844cd,0xb20000000000000000000082a038110052c22468,DUCK / ETH 0.3%,new,16852,17679,0.0,19157,19157,83.707,83.707,53,46,1.0836,D,250
2026-09-16T22:58:49+00:00,0x4575f9ff7b1b71a7f631e329bdae1bf87e2a51f283163ab498eb648b77b74ea3,0xb200000000000000000000d88e5e4a8201568440,BASEDUCK / ETH 0.3%,new,20767,22164,0.0,19120,19120,130.728,130.728,54,61,0.8626,C,250
2026-09-17T06:34:08+00:00,2iqJBDiyBF228p9i5fhqGTxx8fe1be1rcXfPcta5JqK7,Acc1VDsNcM57wPi8uHKVmTWcLE8yEXMdqkUK4R9K6Vgt,ON / SOL,new,34615,213816,0.0,10633,10633,73.389,73.389,63,16,0.0497,C,250
2026-09-17T06:34:08+00:00,CBvZaeQ5jRmERisH1kztELwSEoUem67zkbEzAewQqz7n,GzvgJZtS6TacMt15kL3AQfdNUQhPU2GLkkui2WToRa8D,HERMES / SOL,new,62049,588394,0.0,23734,23734,4.791,4.791,204,101,0.0403,B,250
2026-09-17T12:09:26+00:00,0x88b90bfe6fd2978f0d1983f89572ae17c5cea8da60e4b3daaf47eedd5d064edd,0xe8588cdd0aba60a2516ac4aa21225c421a9c7a29,DIDDYOIL / ETH,new,16996,188095,0.0,146893,146893,119.734,119.734,30,26,0.781,D,250
2026-09-17T12:09:26+00:00,0x133e7d8c62f10868da7797e1a922b8da263b184a7cf7fa3d0f30a1c1f2f0d7b1,0x940710fdf9526e690b11215b514a0ed31a0088a4,fatgirls / ETH,new,18909,203329,0.0,139841,139841,137.624,137.624,30,24,0.6878,D,250
2026-09-17T17:02:51+00:00,0xd1dec9e33a6d9fc5a6fe98ceb1f0eb7ecb1b1b6d,0x01577f1205a1e6dbca56c1f8f0e047334fde7777,跳蛛 / WBNB,new,24150,2,0.0,48279,48279,-99.992,-99.992,49,35,26902.9,C,250
2026-09-17T17:02:51+00:00,0x48d812d67e8800f4d18cf65272fda36ff62e5a5a,0x2dfcb4f9d2cbb0556da7c6d2539eac6123387777,抖币 / WBNB,new,18475,92631,0.0,19478,19478,299.237,299.237,84,45,0.2103,D,250
2026-09-17T17:02:51+00:00,0xe392e002144681b0abac039ef1ff25219b3b0647,0x0456aa4f37d53afbdc19650c3bfe64cce510496f,BRE🥳 / WBNB,new,78806,213369,0.0,181503,181503,34.36,34.36,33,29,0.8507,B,250
2026-09-17T17:02:51+00:00,0xabc00e4dfe5e8decc3fb6a832d774a46612f2a18,0x9675f4d16e06a5f4a8e038722553c2f183b3ee74,GCAT / WBNB,new,23788,2,0.0,45632,45632,-99.991,-99.991,77,49,20772.2431,C,250
2026-09-17T17:02:51+00:00,0xa046c556c15a8bd73e81a317ffa65e9648626757,0x8ee75f3083e93ba0c5503903c5928cd694167777,抖币 / WBNB,new,47251,2,0.0,47245,47245,-99.998,-99.998,82,50,29779.8129,C,250
2026-09-17T23:00:08+00:00,0xb45470f9b62003f2baa66f45de744ce5e05d36c06e27d880b6b5c78c0e331059,0x566a1035afc085069dd351f81a8848b7efccdf0d,STONKLESS / ETH,new,18649,206990,0.0,128309,128309,140.396,140.396,30,23,0.6199,D,250
2026-09-17T23:00:08+00:00,0xb090fa9103e14d692d6c3a81f83ec990b73a157cec511a6823c2c8bbcbca936c,0xb2000000000000000000002f94f6b0e7b01d4607,ARCTUM / ETH 0.3%,new,20816,27529,0.0,14121,14121,170.119,170.119,45,36,0.513,C,250
2026-09-17T23:00:08+00:00,0xe179e67329e13514d6dbe36302cb06102c6d52fc34abd024673dd22b45b10b49,0x52691bc79aec1f43b3c5ad665044f979b854d222,PAWSINU / UNI 0.3%,new,23030,55610,0.0,47400,47400,982.059,982.059,157,89,0.8524,C,250
2026-09-17T23:00:08+00:00,0x86b359959bd6462b557d97f87420063b358230ff6964670e817a232b4c90762b,0xb200000000000000000000a62ee56c3570b26124,nautilo / ETH 0.3%,new,18481,20474,0.0,15554,15554,108.743,108.743,54,26,0.7597,D,250
2026-09-18T01:14:04+00:00,0x2a800632401fc9ebcce024ce77000fad817c6c5e,0xf0e8e31602b1812b068cfcb9109536b7e10f7777,pCAT / WBNB,new,14277,68808,0.0,10352,10352,195.43,195.43,54,28,0.1504,D,250
2026-09-18T01:14:04+00:00,0x57ebed720f865b16c14d3a1f13586f347a9fd9ca,0x52820be036d0aa60c6e3b8fd5f0357dbc21d009b,NEWTON / WBNB,new,40157,164289,0.0,26288,26288,151.72,151.72,59,31,0.16,C,250
2026-09-18T01:14:04+00:00,0x9496a16d5f948478a0f993ecd5c137ea62f37ec1,0x2bedb22f2e54e0894df5e95a88f78e2164006777,NEWTON / WBNB,new,26585,24645,0.0,20667,20667,216.265,216.265,34,14,0.8386,C,250
2026-09-18T06:01:47+00:00,FwWJEoAmpupPFLZxgJ6mDHnrMQkZq3WWmx3jP2Zi4qoR,FdrbGmXHTRVUP67xcsR1iR9HQFHQZcyqEZH5ephNpump,musepill / SOL,new,26603,94922,0.0,276202,276202,93.572,93.572,590,353,2.9098,C,250
2026-09-18T06:01:47+00:00,Bhw43H2rHyL3zXQiJkx2DyRQ2ipRGke1exDERfnZhTgi,DfX1HJhQYkuw58PsLyBt2saJqeaTHKfGh18xFaGapump,PWG / SOL,new,2578,3113,0.0,28476,28476,-42.854,-42.854,246,232,9.1486,D,52
2026-09-18T06:01:47+00:00,6Forv45UuE19b3pvegnBXt97TZ4PdWyZaonbkRCv2L7,o5do2YpiwKGWxWasKCy8MVWomkuB6xqwYetN1Unpump,sniffer / SOL,new,2410,3040,0.0,19291,19291,-28.031,-28.031,158,154,6.3459,D,48
2026-09-18T15:06:08+00:00,0xb406a0c16bad753e9ec82dbe5a10448ad761f07c,0xd635720f4506cab68f46b80c12db2aa16c950777,GStock / WBNB,new,24866,19749,0.0,16102,16102,140.669,140.669,31,14,0.8153,C,250
2026-09-18T15:06:08+00:00,0x10c5cc2b66e79c6679dd8c93e1f9b7d75929f529,0x9ec40115d3051f92092cf33b356f679623157777,pat0 / WBNB,new,42250,181463,0.0,35066,35066,164.907,164.907,61,38,0.1932,C,250
2026-09-18T15:06:08+00:00,0x1414ce7ab34d5b3d217b86381b6310a08ca48d0b,0x19505996695068af4183dfc8b459a545d7437777,pat0 / WBNB,new,22228,136319,0.0,33254,33254,379.458,379.458,63,42,0.2439,C,250
2026-09-18T21:16:51+00:00,0x219e45177ea1ee398bae7567aa87eb810cc9993178ba94e00de2dabe8b0370f8,0x45878a485c825166d56d668d024eace9510fdeae,VCAT / WETH 0.01%,new,36653,46644,0.0,27568,27568,254.035,254.035,47,24,0.591,C,250
2026-09-18T21:16:51+00:00,0xb0785fd454758cb6b44eb79c6b8b8019c7597a70f4d9312e941059596e27211b,0x41b858213c6b48cf4eacc804e3dfe3a89823f5b0,STKLYNX / ETH,new,19282,204957,0.0,118362,118362,120.938,120.938,30,24,0.5775,D,250
2026-09-18T21:16:51+00:00,0x0e75e77759fd6402372ce4ad6f40b23d1b61a8d213ba8d42e570f09e8e945713,0x4383c22e0522ba6df9534e66432e4e2d7a8cc10f,Tcat / ETH,new,19174,200742,0.0,127081,127081,116.332,116.332,30,21,0.6331,D,250
2026-09-18T21:16:51+00:00,0xcdcfb52e11f5de67e67af8a5796280c98ac30ebc92483f71d39119d53683123f,0xb200000000000000000000a0fab99f9a3c9b4814,MUSEBOT / ETH 0.3%,new,20589,23485,0.0,11764,11764,113.559,113.559,39,25,0.5009,C,250
2026-09-18T21:16:51+00:00,0xdbd601895625e0564c82a4a8fcfdebd37d8905d13bdc20c02294aad9319d18af,0xb2000000000000000000004b2db4df7f1ef1613b,UP / ETH 0.3%,new,19438,20445,0.0,10333,10333,90.996,90.996,44,19,0.5054,D,250
2026-09-18T23:32:06+00:00,0xaf5bb74f299a60bdfd66874f5e4f1f64c1b94444,0xaf5bb74f299a60bdfd66874f5e4f1f64c1b94444,XAU / BNB,new,3672,4593,0.0,9940,9940,-29.632,-29.632,47,44,2.1642,D,73
2026-09-18T23:32:06+00:00,0xf8021799b95b2124313638fed7d5323ae4b43b0f,0x767de668d1a25c4289648fb384a6062b9edcb0eb,CYCL / WBNB,new,90037,263146,0.0,47415,47415,84.653,84.653,20,17,0.1802,B,250
2026-09-18T23:32:06+00:00,0xc723db8a502cf2354edffe374b271b3b792c2ba2,0x7011a05a9a5acd63542bfda13dd231d8e6be7777,$牛马 / WBNB,new,19314,99663,0.0,21386,21386,307.571,307.571,95,50,0.2146,D,250
2026-09-18T23:32:06+00:00,0xa00e5ec25b5e35868910d7cabb3b0aa93244b8ef,0x1507fd8d9de4765b64ec2d24b0991b324db21777,CNPY / WBNB,new,29452,25276,0.0,29949,29949,205.109,205.109,39,26,1.1849,C,250
2026-09-19T06:40:55+00:00,0xf16263a6b6d54b407aa1570ae51307364fe959a4f476f06fff1d02280b7928a4,0x27a30f0198bb21642f5555047bc91b82c5984725,STONKSZN / ETH,new,19317,192025,0.0,145271,145271,107.89,107.89,30,21,0.7565,D,250
2026-09-19T06:40:55+00:00,0x21acf3968c6c5c431ff8826815a36a938097b56950c5d0c8ef5842ed8fef5cce,0xff4a1afe948ca2654154df0df50c4da14c543f13,LAPTOP / ETH,new,18437,202107,0.0,141034,141034,118.799,118.799,30,23,0.6978,D,250
2026-09-19T11:36:21+00:00,0x247a8b0fc7c0da522ea225e98a999363c384b466,0xd11cebefa30443a7c1cd7e4f310fd77c73467777,方糖 / WBNB,new,17973,84680,0.0,17870,17870,250.475,250.475,73,41,0.211,D,250
2026-09-19T11:36:21+00:00,0x6df25121d61b15cd3df93d3afd011d9ed142b546,0x1b0732084f4e3bdfb276b8dd667c46153fa89777,方糖 / WBNB,new,29606,28173,0.0,29424,29424,233.38,233.38,34,21,1.0444,C,250
2026-09-19T11:36:21+00:00,0x5faf9f74019b513a0f120bed9d80cd8dd3b13970,0x03151ac95d25169d30da2cca741621cdd6dbcccc,wildebeest / WBNB,new,44480,184815,0.0,45814,45814,165.848,165.848,69,49,0.2479,C,250
2026-09-19T11:36:21+00:00,0x9be0b1931c4b36a2b5ce3613f1b658348f574e9a,0xbeb4978fa23518eb8cd477a890d2c775dbe194a5,BANK / WBNB,new,138732,636905,0.0,108551,108551,228.3,228.3,27,24,0.1704,A,250
2026-09-19T11:36:21+00:00,0xa0e12c764313264d889bb1ccbb39d490a05327c4,0x20b9b07c8f6f4d71efa86265ffe4f8e8f999cccc,wildebeest / WBNB,new,23579,124224,0.0,75068,75068,401.736,401.736,45,40,0.6043,C,250
2026-09-19T14:49:17+00:00,HVKRALs89qrv16WTBBz96dUEE4xdG2nK4fqRWD4tgMey,F2ppxF9KzGrWKSBiKRrmakLmmRQ92zWfgeM6ANWqpump,honse / SOL,new,23297,84674,0.0,247476,247476,80.126,80.126,1959,1503,2.9227,C,250
2026-09-19T14:49:17+00:00,EFjSsrLuag3qupQpkEzG9bpDUperYxS8ZhsQEx4Kcm8q,GHaWcN36Qsscp65kk8fPy8vphEJUNeLggybSX8MrU943,INURANUS / SOL,new,2843,1,0.0,29058,29058,-99.998,-99.998,171,159,27400.468,D,57
2026-09-19T17:54:07+00:00,0xad355200d3c0b54b3bf2b0a37c0440a60df5ce7ba0c5f41e96dfb7b35f5edb12,0xf4d6f4be8f19fd728599b8be8763f10820ba86de,JUPCAT / ETH,new,20116,216476,0.0,115368,115368,132.576,132.576,30,20,0.5329,C,250
2026-09-19T17:54:07+00:00,0x609db83f49c02da8ae55e1c1f446300c7dd7ecd46f210fb0e7f00f7f889ff6d9,0xa1cbc16aee12c5cc53953826ca74fd9816595bb1,chair / ETH,new,20585,227098,0.0,135120,135120,143.503,143.503,30,27,0.595,C,250
2026-09-19T20:26:34+00:00,0xcb4027746b542cbbbcd060b1bcfa54b5c6081f2a,0x6248f921cc3998b34d81ad4031235f7e03b17777,TRUMAN / WBNB,new,15784,82712,0.0,15140,15140,230.78,230.78,38,19,0.183,D,250
2026-09-19T20:26:34+00:00,0x2435a911f73198ec96b96f445a6ade99cad4a852,0x5dc8c6a09fe27ee9cf9e3a59dc995ae257ad5777,PEPE / WBNB,new,38641,236434,0.0,10273,10273,40.091,40.091,28,16,0.0435,C,250
2026-09-19T20:26:34+00:00,0x482d3f6f0ac11e862ca28dfe3c17062300ed6301,0x3f54dbf6d35e5f1f8b2033d9fb36aa460145b7fa,JEV / WBNB,new,22361,110174,0.0,44091,44091,355.236,355.236,43,31,0.4002,C,250
2026-09-19T20:26:34+00:00,0xc6c32cf8612bf43a4cd9449ccef692e1026659b9,0xc5da6dd750a5cc1c68b84b1d9b8ffaada3b17777,Czar / WBNB,new,18935,95493,0.0,21229,21229,292.658,292.658,84,50,0.2223,D,250
2026-09-19T20:26:34+00:00,0x526840e5ae84ff0cee1ef21cd596d78ceeee8d14,0x51654d1e42aa3fe51d5b9bb4841c486d5e71b7fa,JEV / WBNB,new,50073,236316,0.0,50914,50914,241.027,241.027,79,46,0.2154,B,250
2026-09-19T22:26:22+00:00,6x4GwHGMGDmxpvGzG7V5zyS9jbQ9w2GhJ6WRWJyp6jBZ,4djJuZNA5WWiiejCxUikwF2GMDdpahmYDt9Chz6GFLEX,PRIME / SOL,new,4609,5563,0.0,19108,19108,26.703,26.703,101,78,3.4349,D,92
2026-09-19T22:26:22+00:00,3neVSs6rjWMa8YTUvfwCp9XWa2AP5CXQ5P83YBTUkvuD,H5AkktuuY1nPjjHAndCJPYKtG6xTCWMVNBnoDpZkJrsi,Gato / SOL,new,2961,3663,0.0,23243,23243,1.993,1.993,200,188,6.3449,D,59
2026-09-19T22:26:22+00:00,FrUn3cTNxyW1Zzg9xLBAvgqDhW25vTJTf2szGXJe6u7t,FG3ZCxmxH3qoWe5Rdji8cXuDMCt7s5TGNwPMSytjxuv8,PAID / SOL,new,155734,453879,0.0,65481,65481,31.047,31.047,61,53,0.1443,A,250
2026-09-19T22:26:22+00:00,GYCZ3UqJXqayrkLf2BsHwBiZ9UJUuvFjWr6W6qCu4k5q,J2BtsuvsgCha4pcza7kJsNJhRPknFANfJATAEqLxpump,COMPANY / SOL,new,6023,11655,0.0,52784,52784,244.072,244.072,447,334,4.5287,D,120
2026-09-20T00:18:57+00:00,0x5ad94897e2047c3252b58cfee98006ae47ae25207db4800448f69f8c59e8d9f7,0x73199ba12fae5822155d0416a877ed8e858c36c5,WOLF / ETH,new,16775,149522,0.0,100242,100242,61.505,61.505,30,19,0.6704,D,250
2026-09-20T05:17:16+00:00,0xd6fd6b3da301eb7753188cd4f5914c4c15cc3e3d,0x7bc5dc44d669e60ef1a8d48398942b466f8b1e18,URANUS / WBNB,new,37126,134780,0.0,18620,18620,99.882,99.882,33,21,0.1382,C,250
2026-09-20T05:17:16+00:00,0xd16ea3c30b4771774fc703f089388dfe11a946ae,0x356aa697780016ac16112380db43d8d2ea1e7777,BITDOG / BTCB,new,36847,137031,0.0,216662,216662,244.34,244.34,622,420,1.5811,C,250
2026-09-20T05:17:16+00:00,0xfb210a7f96c6cf5eeac9f8d1329394f749811cb9,0x9bfa48188fbf215fdcb7406bbc38a6cd11457777,币圆圆 / BTCB,new,16542,25706,0.0,67120,67120,-20.316,-20.316,281,244,2.6111,D,250
2026-09-20T05:17:16+00:00,0x6f4e7dad81941e12c6534d2b9e11bfaa2d9d075e,0x808c7afc056d999c87cd043669068213a86a7777,币圆圆 / B13B,new,6868,4559,0.0,30739,30739,-86.332,-86.332,140,143,6.7423,D,137
2026-09-20T10:00:58+00:00,HfiDJu2HJb77S64jYPyRmfspdpW2csSzxX49q2vhH3E5,4rTX2iw3MyihMMJyWrkAsaLPeXBrFWPopqYD2qhVpump,HEALED / SOL,new,2713,3478,0.0,8401,8401,-20.021,-20.021,65,60,2.4157,D,54
2026-09-20T10:00:58+00:00,8eJ7LscQx5tiM73hpGCMC1KvADGg7MSCGHvgrPb1zhpX,HyCVpLiUXGCzBYN3vN5K8V2mcfVMmnYnjaZrQgQZSU9L,INU / SOL,new,23753,15338,0.0,72741,72741,66.566,66.566,446,82,4.7426,C,250
2026-09-20T10:00:58+00:00,BSX7Tw5btpHW1MqJa9ZXnaxHG9hYwNuafZfh9txxR2hS,8RRmzXVKTcLuBP6whAHz84XCa1LAP7oXrRLtbgFgfrzY,META / SOL,new,216291,669827,0.0,68576,68576,8.643,8.643,61,43,0.1024,A,250
2026-09-20T10:00:58+00:00,HWZhfMcN86a99m8KZwjCJXiUokKgcZsQcxR8aYCrX5ne,Etrrh1FjPfrL4oCNVGvahSsRVqLekWyCKKQzMDomqaCp,AIP / SOL,new,4363,6323,0.0,15990,15990,25.266,25.266,147,103,2.5289,D,87
2026-09-20T14:15:08+00:00,0xf88e50d9c09734e6121af14637c88ea952f6a08cb8058d5e112552414b3bb045,0xdff0cd83921d5f1ef46cc2768617206fa0b4a558,BUTTERS / ETH,new,15809,133867,0.0,104344,104344,47.051,47.051,30,19,0.7795,D,250
2026-09-20T14:15:08+00:00,0xf6b434ea717f5e61050ab4ed49246ab61be6f5c5db2e17e6d5bb94281a5917cd,0x1d10fc54e4240deec1cc30291f767aac8a949974,CRACKTOP / ETH,new,20184,223568,0.0,140754,140754,146.092,146.092,30,26,0.6296,C,250
2026-09-20T17:31:33+00:00,0xde708678091289bab056db11994d538249a10584,0xb664b404dfb87a46630b2125a1e254777c947777,彪哥 / WBNB,new,14932,67796,0.0,11309,11309,173.941,173.941,28,14,0.1668,D,250
2026-09-20T17:31:33+00:00,0xaee073f5cb22aef64d70b0100343e3ae3ed8e4f2,0xc00a97bd663b9dde468da4809d0abced2daa7777,OnlyFees / WBNB,new,39348,243782,0.0,11262,11262,44.904,44.904,32,17,0.0462,C,250
2026-09-20T17:31:33+00:00,0xd10aa34c7a99d672cbd16d2a4c9f4212c7bde3f9,0xfec15e7ad99ab8589f5a41facfd1bd557d847777,JEANPHIL / WBNB,new,45225,193587,0.0,36971,36971,181.596,181.596,65,38,0.191,C,250
2026-09-20T19:47:30+00:00,8kDsFJJy4U8pdgBeAk4NJDcXCfQaFXasA62T5bLPRQry,RBLXDGRD64AtRamHMFVcjqne3Ar7NLWtFtYNtsrf1cE,RBLX / 1X1X1X1,new,6249,178883,0.0,54533,54533,-0.105,-0.105,494,428,0.3049,D,125
2026-09-20T19:47:30+00:00,491J1JUavrdunypwcTtfurZ3zhopPcDo3a8zPE956pjU,TJZBx8Cy9kPDYistkKho64t8vUT3ZptFZkGtWqRpump,JEANPORK / SOL,new,2447,3084,0.0,8815,8815,-61.761,-61.761,64,63,2.8579,D,49
2026-09-20T22:19:54+00:00,0x3a20231fa5bf7038196eebfcc5fb32c30bdc24d162ed509a1e10976449dd6d64,0xfd29df3a7309ff5be77d5664a9ff4bbd1c007894,S&amp;P 500 / ETH,new,17649,169138,0.0,126405,126405,81.991,81.991,30,20,0.7473,D,250
2026-09-20T22:19:54+00:00,0x45262c63e2ae8b4a0b8fcf1d04c6080abe7da8eea20dd616eb748dccce683168,0x43c5ff7a91ad5dae505df1b30700792a194bdb66,HOLE / ETH,new,19874,214453,0.0,154565,154565,131.596,131.596,30,28,0.7207,D,250
2026-09-20T22:19:54+00:00,0xb1a7fdd6d6c0bdd66a1e7e05618a771d77f1a1bd06bd0d117b3f1bd35eff4c87,0x0389a68f14dc06fb7bee5bae7f1c43fe881174d0,ELON / ETH,new,20509,223542,0.0,162057,162057,141.607,141.607,30,25,0.7249,C,250
2026-09-20T22:19:54+00:00,0xd4907c2ca0197493f2d0c797afea22500ba77b2a81183b95c8db85836b5487d5,0x17ccdc9f23c38dd392decb9872bcd423e751934c,MCAT / USDC 2%,new,19840,22494,0.0,39904,39904,106.029,106.029,53,44,1.774,D,250
2026-09-21T00:25:51+00:00,0x3a3b7cc02567b56addb858cde9265752b84a07ee,0x2db4316e6629392b5b468e74069283b5ae837777,蝴蝶果 / WBNB,new,17479,76679,0.0,20015,20015,212.252,212.252,77,47,0.261,D,250
2026-09-21T00:25:51+00:00,0x9d95232a1587977751bf3f6c0d99343c8b0e3d9f,0xa5ae40c8111e5eda78cd9df8c8f5b3c2a7577777,Stamp / WBNB,new,46051,188787,0.0,41868,41868,167.904,167.904,70,43,0.2218,C,250
2026-09-21T00:25:51+00:00,0xc973f81756d3b58b88e56ede7143ab663093b7ab,0x26a1ce650c4cb61a80aa2d5771f2dc9e63325777,INU / WBNB,new,41876,264241,0.0,12847,12847,54.021,54.021,34,19,0.0486,C,250
2026-09-21T00:25:51+00:00,0xe47a4df17a36281e7e55b5ec20656bbce646fd67,0x9b33ee880b5c2cba5ea5369e0cc148a607b07777,Stamp / WBNB,new,25652,150042,0.0,48746,48746,496.805,496.805,46,33,0.3249,C,250
2026-09-21T00:25:51+00:00,0xee48fc3bb760c2fef95660248980514908550d2b,0xd65923db041d6131577eefb62a1cda514c70d214,占卜属兔💥 / WBNB,new,52874,218937,0.0,63462,63462,146.312,146.312,36,31,0.2899,B,250
2026-09-21T00:25:51+00:00,0x76a45b1e6f4f55805dd886d5c81a34c9b47f350b,0x6ecfc202b9285440fa04b781aa8fddf6c0e27777,牛大力 / WBNB,new,23824,4,0.0,46283,46283,-99.986,-99.986,76,45,12768.2008,C,250
2026-09-21T00:25:51+00:00,0x244401d1565cd354d2404a0c070b540c20eae816,0x3e850566d2fa69ff220750dc6c29a302474d4ead,大佬 / WBNB,new,102910,300360,0.0,148185,148185,52.365,52.365,37,35,0.4934,A,250
2026-09-21T05:20:47+00:00,J2BRc5hQV834xaaEqtY5t6ZEY8T33taEFppstFWCUoA,3yoyuhF4pL2xDd9Sbx9ehThRKfyNH4qZCYKB5CjDuiQb,GORPY / SOL,new,3554,43404,0.0,8338,8338,-5.518,-5.518,109,126,0.1921,D,71
2026-09-21T05:20:47+00:00,8CHjK7rqc2vp9dYqJL8yuD2Tuc7nSpFNDBUL68E5Cjm5,GJgHNkfGytcQC3P5kZWxnpgZE5Np5ZD5RzF2yoYCpump,PROMOTE / SOL,new,6448,11041,0.0,26525,26525,173.103,173.103,151,92,2.4024,D,129
2026-09-21T11:01:24+00:00,0x5f834c907cfc6c439c9f0f57878f1b878150f88d19c9e9d194cfe54640e1bcf2,0xf058a3ce892b982f1871ac6c0f51404173868c0b,DUMBCOIN / ETH,new,17219,150818,0.0,108345,108345,57.995,57.995,30,20,0.7184,D,250
2026-09-21T11:01:24+00:00,0xac886a5ff7b59a64f2a52b6575f75e9b284566177dabcb356a0d8b7849ca6f78,0xf8d0b16d06a9a0fda0e1924be8af361ad5958bb4,MOSS / ETH,new,19339,210519,0.0,137374,137374,120.585,120.585,30,19,0.6525,D,250
2026-09-21T17:05:05+00:00,0x466f98e211ce444f140459c1da044906b0d834a6,0xb3003250009ee51de4c9cbccea641a4964c61811,MCCC / WBNB,new,46089,188122,0.0,27628,27628,159.286,159.286,51,30,0.1469,C,250
2026-09-21T17:05:05+00:00,0xd75205bfc67cabe149c88128a253129627024444,0xd75205bfc67cabe149c88128a253129627024444,我踏牛来 / USDT,new,11424,38880,0.0,9114,9114,223.98,223.98,271,1,0.2344,D,228
2026-09-21T17:05:05+00:00,0x545ce65788592e4b3404ce7fe44846e5af525f88,0xd755dfe7de1800aa4f581da8c09aa54da5527777,咪duo / WBNB,new,18140,82774,0.0,13177,13177,224.11,224.11,54,34,0.1592,D,250
2026-09-21T21:06:02+00:00,TcRaRnhHWuqKBYgAQYrqGNo8auhSDseNgNVhmibTRB5,DnC96KKyUiUYLzMY5qGksgorVYJrmwtTbABTNCR4MKxA,AGE / SOL,new,27839,154046,0.0,54973,54973,25.542,25.542,171,53,0.3569,C,250
2026-09-22T00:08:56+00:00,0xbe2f06a9891b3f8e03a5b609ac0e6dd5331bcf8eb073d8acc0f8d28c2feeffae,0x33b5dc14b9c5da0875665a92bd95c600dac8973d,FEELSBAD / ETH,new,20512,213502,0.0,127744,127744,118.561,118.561,30,19,0.5983,C,250
2026-09-22T00:08:56+00:00,0xbedf92aa6442214cb73047f79a45207069cf2a9ac4196fcad19970ae0bb02462,0x0ccda0e8202e6456db2364515bb6c60a9e050e6a,Allocated / ETH,new,21362,231942,0.0,149254,149254,137.739,137.739,30,25,0.6435,C,250
2026-09-22T05:02:03+00:00,0xcb1113cbbe7ca4458d4bfb9183488da6ae9a4444,0xcb1113cbbe7ca4458d4bfb9183488da6ae9a4444,玉兔🔶 / USDT,new,11001,32968,0.0,8265,8265,464.926,464.926,95,4,0.2507,D,220
2026-09-22T05:02:03+00:00,0x2603afd3d57b00e4efab3df70cf385c1a36efb2a,0x0e9c43c790afdaa2d4263ffdece22a6a4b9d7777,黑鱼 / WBNB,new,40883,148102,0.0,21528,21528,108.539,108.539,38,25,0.1454,C,250
2026-09-22T10:01:09+00:00,Di686VH7bjydUUG31ZY71tFZZe8aAug4KxF7FGrTvQtH,BWU2pKDaaUncRYauSfLLbnDP9yD2SpQVLYu8V6PYpump,WALKINU / SOL,new,2668,3364,0.0,13290,13290,-45.233,-45.233,54,53,3.9504,D,53
2026-09-22T10:01:09+00:00,5KkCjW4KGEVxNcxCnESMnM8U1FxajexKJaPVXwKUBtST,2actyHjtGVuNsB2kUneYMURhDkW2XwMvStTrLGGUH9Am,🍌KEVIN / SOL,new,50107,31548,0.0,25953,25953,27.014,27.014,598,82,0.8227,B,250
2026-09-22T10:01:09+00:00,GaqerWy1aaZpYVmuQErM3L1UK4jUwy638XddKjJBZqqy,4k2dzQR6ZJBAUD3J2N2kYxmZ2ihXGHgMqsbbFePL3gXN,ARGUS / SOL,new,39306,31074,0.0,125340,125340,77.554,77.554,416,55,4.0336,C,250
2026-09-22T14:58:08+00:00,0xa7185106c25fee4843200b36cb648e7c0d68ed07c788cd3200055ca858a78f7a,0x40af137414666fba659d70063a544c429226c61c,Berth / ETH,new,20584,217099,0.0,181983,181983,126.17,126.17,30,27,0.8382,C,250
2026-09-22T14:58:08+00:00,0xbebbf7f748f15e5e44ebab341cf00569e777973808af742f461e60be4628bceb,0xb200000000000000000000d2c38aa59c3a84d7bc,BOB / ETH 0.3%,new,19779,19599,0.0,17036,17036,72.534,72.534,45,75,0.8692,D,250
2026-09-22T14:58:08+00:00,0x8f51889069a21bc99f3d114602a699723e86b69bd8c5d6cad0896bc74c136cd3,0x1f592a33896b49b38509819d83d4701612db51c5,INU / ETH,new,21514,235186,0.0,155863,155863,145.078,145.078,30,25,0.6627,C,250
2026-09-22T14:58:08+00:00,0xbb2085deb83ad7d8ebef8a814e6027371c8ba3a7141f2ad91eb244f510b3c7fc,0xb200000000000000000000a0c9555725ce714501,BASE / ETH,new,4975,5044,0.0,14004,14004,17.47,17.47,28,25,2.7764,D,100
2026-09-22T14:58:08+00:00,0xa84287ba4a9ba0b68f2306c73105d1af6a6c0905d6a801f8b7298a23ec533ebf,0xb2000000000000000000002663002ba77f9e6f01,BOB / ETH,new,5986,6282,0.0,46000,46000,47.537,47.537,128,104,7.322,D,120
2026-09-22T18:46:18+00:00,0xc33053b1b049704d6e2f3eb94a6c88c73d417e99,0x49cc3a654debf0a3318113c5de0368d019067777,SOL / WBNB,new,23772,120575,0.0,49381,49381,360.342,360.342,38,28,0.4095,C,250
2026-09-22T18:46:18+00:00,0x1afc358ddd65637e99c0b0d5c16090bd5ca284bd,0xfc95484ded74a38d5784a51f723960224ff47777,SOL / WBNB,new,41582,152728,0.0,33973,33973,115.536,115.536,54,37,0.2224,C,250
2026-09-22T18:46:18+00:00,0xba7944fae43584dd63565e603ca6dcf4bb64ff44,0xd81715c54ff564c8ffe9f5ba600033b1b6b77777,sPL.001 / WBNB,new,23841,142090,0.0,42206,42206,464.243,464.243,65,46,0.297,C,250
2026-09-22T18:46:18+00:00,0x21d2129e13697ed6f2e7c24d9b8bda6a2c542c52,0x1ae67f84d79052028490932b9647570a9d0a1777,SOL / WBNB,new,30331,197383,0.0,14319,14319,61.783,61.783,39,22,0.0725,C,250
2026-09-22T21:56:52+00:00,pTzN3MVYc8sVfa9G3t3fgjEyqPTsEwCwCuWgqyBnHVK,AMF9L2uTbWEbS2hNnJ5mQ4e7HYVNCuC5d8CS6azLvJZ6,PQLN / SOL,new,20574,11633,0.0,12738,12738,10.239,10.239,48,21,1.095,C,250
2026-09-22T21:56:52+00:00,GQgo2T9RkoJykJjWzNHSatfVcy1xj9RP9x1Ftps5tbBj,G2w9qupmRkYq1nHNYepmtPTyyrg3eDA9N7MmAJPH7D67,sPL.001 / SOL,new,17399,1000114,0.0,9854,9854,11869.009,11869.009,25,7,0.0099,D,250
2026-09-23T00:17:45+00:00,0x516cd5bfdaa37baf54d991df4784698a44c3ec9214f55f8c9d250fbae3abffe1,0x74f58142e97e7232a07643a740acbb4183b19782,KIND / ETH,new,20453,221772,0.0,193610,193610,128.768,128.768,30,24,0.873,C,250
2026-09-23T00:17:45+00:00,0xe02ed403c42427aa69acd3f305c8ae592133df746943c27e8709299fd66e5914,0x81a87c38055c9a58ee0ee5780f49641c865f1315,RSI / ETH,new,20981,227714,0.0,155329,155329,134.918,134.918,30,29,0.6821,C,250
2026-09-23T05:03:11+00:00,0xbfa8e6f7971c8910f23a7b286c7eea184cbc063a,0x03a5af49492fb11e0ff9735236a7c7aa91c753d6,CREDITSTR / WBNB,new,46375,187915,0.0,29802,29802,166.987,166.987,55,28,0.1586,C,250
2026-09-23T05:03:11+00:00,0x16fbd37e292d61822f08695545976cd721fe4b44,0xbccd331d9123c1fdfdab47578760e74aedcb7777,ChineseGuy / WBNB,new,23747,138311,0.0,28107,28107,460.539,460.539,51,32,0.2032,C,250
2026-09-23T05:03:11+00:00,0x140de7b521d8b51bf37af22cfa63e962daacf86e,0xeb49c5d5413715d0ebd27e8dd9d3c25f97277792,CAS / WBNB,new,63141,258189,0.0,41830,41830,192.645,192.645,22,20,0.162,B,250
2026-09-23T10:01:37+00:00,7oAiDuQ17Kup7UPL83m51ki9SWirQ225kkwd2TKJbXay,HX8tujJ6iKbx2JFDQnXpi4gBd6Xn1kHJ9fVP1vHhpump,CHASE / SOL,new,6146,8883,0.0,13676,13676,162.217,162.217,119,53,1.5395,D,123
2026-09-23T10:01:37+00:00,2AAKAgydSipFMKfVrPhTpFxpXuRrWRSK4FeTzJb8LEgi,D7NNPQm9seC6pqsmLs8R8tpjwTPKE11fcPPdXxjPhABT,BUTTHOLE / SOL,new,31586,23411,0.0,284993,284993,134.732,134.732,497,70,12.1735,C,250
2026-09-23T10:01:37+00:00,E3Gsn5DDQW2D4mC9ECyWnxcH15WTFqjpd2cDfnYFn3zG,B33N65p2i9MatP6yckztpEvKx5VnZmXNEHw5nAQEWnBh,GOUR / SOL,new,34070,169023,0.0,61000,61000,149.086,149.086,474,91,0.3609,C,250
2026-09-23T15:03:08+00:00,0xdba703501bdcb08b6f6c09039420a712b0df1848a7a710990edd60c47462dcce,0x5cda0e1ca4ce2af96315f7f8963c85399c172204,wtCOIN / USDC 0.26%,new,10231,1147290,0.0,35086,35086,317.057,317.057,65,65,0.0306,D,205
2026-09-23T15:03:08+00:00,0x9b5cd56ac36bc8a3aba6f0b6c7742cfd09cf796ac56a0ec35d00072fe031536a,0xb200000000000000000000a34e2e08b89336ca01,RACOON / ETH,new,4534,4644,0.0,10333,10333,17.6,17.6,45,40,2.2248,D,91
2026-09-23T15:03:08+00:00,0x94359db5cf4cd784e0644945222346a2f65b7699,0x063ea995844ff6907c44a2a18ce44f5ae6491b07,Muse / USDC,new,1168549,1013671,0.0,26119148,26119148,-89.765,-89.765,32,24,25.7669,A,250
2026-09-23T19:04:55+00:00,0x2ad81baa36aeeb1bb60c5b899d6d931ac8998df3,0xa61cf1a92617cfc4ff73354f2499adc88c176666,GPU / WBNB,new,23359,143023,0.0,41313,41313,481.079,481.079,66,42,0.2889,C,250
2026-09-23T19:04:55+00:00,0xb4612ea2685b3bfe89db09a4da75d2d560ca9458,0x8b261ffd5b5144e62ad87878c2375fab5f013c77,KENYA / WBNB,new,48878,220436,0.0,54342,54342,219.338,219.338,72,48,0.2465,C,250
2026-09-24T00:47:38+00:00,0x4008c154c84c99f725f72fcd9a7f75eb5a4db0f095cee990364feec17789cd39,0x2007df22d6c6fd47808a21fbf712850ea08bf180,JEAN / ETH,new,20426,215583,0.0,182467,182467,127.768,127.768,31,24,0.8464,C,250
2026-09-24T06:00:28+00:00,0x086163a7f1d7ead48d6a6fb0cb7a57fde8f08a1f,0x2d33411f73b9b498c2ab0718d20a6218139b7777,FUNKOS / WBNB,new,21617,96529,0.0,38982,38982,287.969,287.969,36,26,0.4038,C,250
2026-09-24T06:00:28+00:00,0x2246e50a9779b1a6e0a0f0a2d85665ccad9816ec,0x06a750dc6aa74237b16fad950b6b3b5094217777,洞洞鞋 / WBNB,new,17263,77402,0.0,14218,14218,216.137,216.137,59,29,0.1837,D,250
2026-09-24T06:00:28+00:00,0x5bce980a50786e69fe055f7aee55aad2b21aa561,0xedf8f575345d5843c500a6c3f5f71f8c58767777,MOGGED / FXIon,new,20264,48371,0.0,109834,109834,34.308,34.308,510,342,2.2707,C,250
2026-09-24T16:58:07+00:00,0x26ba50bfc34c855cf8f9fdd3d2f1e2e8622e9964036157fce8bf66b89f0d27e1,0x2f936856ddd3211ed68977ad811a8d92b6db18c0,ARCADE / ETH,new,17682,168193,0.0,152840,152840,77.412,77.412,30,22,0.9087,D,250
2026-09-24T16:58:07+00:00,0xed597f413856bde8302772f086c96fda37435178c920e876a67fd6a99ab26d3a,0xb2dee04f2f4e98c80369c0db5996f61d8896ffd0,AI / ETH,new,21098,233187,0.0,142849,142849,145.472,145.472,30,25,0.6126,C,250
